invoice_no,cust_ref,product_line,net_amount,issued,paid_on
INV10001,CUST0001,Data Centre Colocation,"£1,660.97",2025-10-01,2025-10-18
INV10002,CUST0001,Data Centre Colocation,"£1,439.66",2025-11-01,2025-11-16
INV10003,CUST0001,Data Centre Colocation,£914.82,2025-12-01,2025-12-15
INV10004,CUST0001,Data Centre Colocation,"£2,043.19",2026-01-01,2026-01-24
INV10005,CUST0001,Data Centre Colocation,"£1,792.45",2026-02-01,2026-02-07
INV10006,CUST0001,Data Centre Colocation,£911.16,2026-03-01,2026-03-25
INV10007,CUST0001,Data Centre Colocation,£699.52,2026-04-01,2026-04-08
INV10008,CUST0001,Data Centre Colocation,"£1,144.21",2026-05-01,2026-05-27
INV10009,CUST0001,Data Centre Colocation,"£1,448.03",2026-06-01,2026-06-25
INV10010,CUST0001,Data Centre Colocation,"£1,484.09",2026-07-01,2026-07-14
INV10011,CUST0001,Data Centre Colocation,"£1,031.14",2026-08-01,2026-08-22
INV10012,CUST0001,Data Centre Colocation,£827.64,2026-09-01,2026-09-19
INV10013,CUST0002,Cloud Hosting,"£1,572.52",2025-10-01,2025-10-24
INV10014,CUST0002,Cloud Hosting,"£1,198.93",2025-11-01,2025-11-27
INV10015,CUST0002,Cloud Hosting,£851.42,2025-12-01,2025-12-13
INV10016,CUST0002,Cloud Hosting,"£1,020.76",2026-01-01,2026-01-25
INV10017,CUST0002,Cloud Hosting,£356.82,2026-02-01,2026-02-12
INV10018,CUST0002,Cloud Hosting,£837.77,2026-03-01,2026-03-12
INV10019,CUST0002,Cloud Hosting,"£1,746.33",2026-04-01,2026-04-14
INV10020,CUST0002,Cloud Hosting,£814.42,2026-05-01,2026-05-09
INV10021,CUST0002,Cloud Hosting,£265.07,2026-06-01,2026-06-29
INV10022,CUST0002,Cloud Hosting,"£1,089.78",2026-07-01,2026-07-10
INV10023,CUST0002,Cloud Hosting,£991.40,2026-08-01,2026-08-28
INV10024,CUST0002,Cloud Hosting,£698.72,2026-09-01,2026-09-23
INV10025,CUST0003,Cloud Hosting,"£1,930.44",2025-10-01,2025-10-07
INV10026,CUST0003,Hosted VoIP,£494.08,2025-10-01,2025-10-20
INV10027,CUST0003,Managed IT Support,"£2,795.02",2025-10-01,2025-10-16
INV10028,CUST0003,Cloud Hosting,"£1,372.73",2025-11-01,2025-11-24
INV10029,CUST0003,Hosted VoIP,£471.18,2025-11-01,2025-11-26
INV10030,CUST0003,Managed IT Support,"£1,486.00",2025-11-01,2025-11-09
INV10031,CUST0003,Cloud Hosting,"£1,039.81",2025-12-01,2025-12-16
INV10032,CUST0003,Hosted VoIP,£303.75,2025-12-01,2025-12-25
INV10033,CUST0003,Managed IT Support,"£1,596.25",2025-12-01,2025-12-28
INV10034,CUST0003,Cloud Hosting,"£2,043.55",2026-01-01,2026-01-08
INV10035,CUST0003,Hosted VoIP,£494.43,2026-01-01,2026-01-09
INV10036,CUST0003,Managed IT Support,"£1,032.62",2026-01-01,2026-01-24
INV10037,CUST0003,Cloud Hosting,"£1,030.88",2026-02-01,2026-02-08
INV10038,CUST0003,Hosted VoIP,£464.95,2026-02-01,2026-02-15
INV10039,CUST0003,Managed IT Support,"£2,339.09",2026-02-01,2026-02-13
INV10040,CUST0003,Cloud Hosting,£899.48,2026-03-01,2026-03-11
INV10041,CUST0003,Hosted VoIP,£234.99,2026-03-01,2026-03-26
INV10042,CUST0003,Managed IT Support,£696.47,2026-03-01,2026-03-22
INV10043,CUST0003,Cloud Hosting,£628.11,2026-04-01,2026-04-17
INV10044,CUST0003,Hosted VoIP,£432.79,2026-04-01,2026-04-26
INV10045,CUST0003,Managed IT Support,"£2,519.10",2026-04-01,2026-04-13
INV10046,CUST0003,Cloud Hosting,£450.47,2026-05-01,2026-05-14
INV10047,CUST0003,Hosted VoIP,£322.04,2026-05-01,2026-05-25
INV10048,CUST0003,Managed IT Support,£797.46,2026-05-01,2026-05-26
INV10049,CUST0003,Cloud Hosting,£396.94,2026-06-01,2026-06-26
INV10050,CUST0003,Hosted VoIP,£535.76,2026-06-01,2026-06-24
INV10051,CUST0003,Managed IT Support,"£2,375.68",2026-06-01,2026-06-20
INV10052,CUST0003,Cloud Hosting,"£1,578.21",2026-07-01,2026-07-24
INV10053,CUST0003,Hosted VoIP,£642.95,2026-07-01,2026-07-25
INV10054,CUST0003,Managed IT Support,"£1,240.34",2026-07-01,2026-07-26
INV10055,CUST0003,Cloud Hosting,£866.47,2026-08-01,2026-08-20
INV10056,CUST0003,Hosted VoIP,£229.17,2026-08-01,2026-08-20
INV10057,CUST0003,Managed IT Support,"£2,041.60",2026-08-01,2026-08-14
INV10058,CUST0003,Cloud Hosting,"£1,403.27",2026-09-01,2026-09-17
INV10059,CUST0003,Hosted VoIP,£545.28,2026-09-01,2026-09-15
INV10060,CUST0003,Managed IT Support,"£1,600.53",2026-09-01,2026-09-07
INV10061,CUST0004,Cloud Hosting,"£1,871.81",2025-10-01,2025-12-30
INV10062,CUST0004,Cloud Hosting,"£2,155.87",2025-11-01,2026-01-13
INV10063,CUST0004,Cloud Hosting,"£1,238.78",2025-12-01,2026-02-09
INV10064,CUST0004,Cloud Hosting,"£2,110.75",2026-01-01,2026-01-07
INV10065,CUST0004,Cloud Hosting,"£1,126.98",2026-02-01,2026-02-26
INV10066,CUST0004,Cloud Hosting,£617.07,2026-03-01,2026-03-22
INV10067,CUST0004,Cloud Hosting,£544.18,2026-04-01,2026-05-12
INV10068,CUST0004,Cloud Hosting,"£1,831.39",2026-05-01,2026-05-28
INV10069,CUST0004,Cloud Hosting,£414.44,2026-06-01,2026-06-07
INV10070,CUST0004,Cloud Hosting,£733.10,2026-07-01,2026-09-02
INV10071,CUST0004,Cloud Hosting,"£1,271.93",2026-08-01,2026-08-17
INV10072,CUST0004,Cloud Hosting,£977.06,2026-09-01,
INV10073,CUST0005,Cloud Hosting,£352.11,2025-10-01,2025-10-26
INV10074,CUST0005,Microsoft 365 Licences,£549.59,2025-10-01,2025-10-08
INV10075,CUST0005,Cloud Hosting,£892.90,2025-11-01,2025-11-23
INV10076,CUST0005,Microsoft 365 Licences,£571.65,2025-11-01,2025-11-15
INV10077,CUST0005,Cloud Hosting,£741.39,2025-12-01,2025-12-27
INV10078,CUST0005,Microsoft 365 Licences,£774.73,2025-12-01,2025-12-25
INV10079,CUST0005,Cloud Hosting,"£1,952.90",2026-01-01,2026-01-16
INV10080,CUST0005,Microsoft 365 Licences,£147.87,2026-01-01,2026-01-27
INV10081,CUST0005,Cloud Hosting,£525.79,2026-02-01,2026-02-17
INV10082,CUST0005,Microsoft 365 Licences,£310.26,2026-02-01,2026-02-26
INV10083,CUST0005,Cloud Hosting,"£1,612.04",2026-03-01,2026-03-18
INV10084,CUST0005,Microsoft 365 Licences,£181.56,2026-03-01,2026-03-28
INV10085,CUST0005,Cloud Hosting,"£2,079.10",2026-04-01,2026-04-15
INV10086,CUST0005,Microsoft 365 Licences,£486.83,2026-04-01,2026-04-26
INV10087,CUST0005,Cloud Hosting,"£1,793.74",2026-05-01,2026-05-10
INV10088,CUST0005,Microsoft 365 Licences,£565.78,2026-05-01,2026-05-29
INV10089,CUST0005,Cloud Hosting,"£2,194.47",2026-06-01,2026-06-22
INV10090,CUST0005,Microsoft 365 Licences,£156.35,2026-06-01,2026-06-27
INV10091,CUST0005,Cloud Hosting,"£1,075.64",2026-07-01,2026-07-17
INV10092,CUST0005,Microsoft 365 Licences,£102.94,2026-07-01,2026-07-15
INV10093,CUST0005,Cloud Hosting,£601.51,2026-08-01,2026-08-12
INV10094,CUST0005,Microsoft 365 Licences,£332.63,2026-08-01,2026-08-21
INV10095,CUST0005,Cloud Hosting,£624.41,2026-09-01,2026-09-10
INV10096,CUST0005,Microsoft 365 Licences,£200.01,2026-09-01,2026-09-15
INV10097,CUST0006,Microsoft 365 Licences,£637.32,2025-10-01,2025-10-29
INV10098,CUST0006,Microsoft 365 Licences,£717.41,2025-11-01,2025-11-07
INV10099,CUST0006,Microsoft 365 Licences,£559.97,2025-12-01,2025-12-25
INV10100,CUST0006,Microsoft 365 Licences,£183.04,2026-01-01,2026-01-18
INV10101,CUST0006,Microsoft 365 Licences,£199.52,2026-02-01,2026-02-11
INV10102,CUST0006,Microsoft 365 Licences,£680.25,2026-03-01,2026-03-25
INV10103,CUST0006,Microsoft 365 Licences,£664.42,2026-04-01,2026-04-11
INV10104,CUST0006,Microsoft 365 Licences,£602.04,2026-05-01,2026-05-07
INV10105,CUST0006,Microsoft 365 Licences,£381.71,2026-06-01,2026-06-27
INV10106,CUST0006,Microsoft 365 Licences,£600.91,2026-07-01,2026-07-20
INV10107,CUST0006,Microsoft 365 Licences,£523.52,2026-08-01,2026-08-29
INV10108,CUST0006,Microsoft 365 Licences,£646.50,2026-09-01,2026-09-13
INV10109,CUST0007,Leased Line,"£1,299.17",2025-10-01,2025-10-12
INV10110,CUST0007,Cloud Hosting,£967.29,2025-10-01,2025-10-24
INV10111,CUST0007,Managed IT Support,"£2,959.54",2025-10-01,2025-10-20
INV10112,CUST0007,Leased Line,"£1,157.91",2025-11-01,2025-11-18
INV10113,CUST0007,Cloud Hosting,"£1,230.67",2025-11-01,2025-11-19
INV10114,CUST0007,Managed IT Support,"£2,912.30",2025-11-01,2025-11-12
INV10115,CUST0007,Leased Line,"£1,191.32",2025-12-01,2025-12-10
INV10116,CUST0007,Cloud Hosting,"£1,952.35",2025-12-01,2025-12-07
INV10117,CUST0007,Managed IT Support,"£2,067.07",2025-12-01,2025-12-17
INV10118,CUST0007,Leased Line,£932.27,2026-01-01,2026-01-09
INV10119,CUST0007,Cloud Hosting,"£1,637.23",2026-01-01,2026-01-22
INV10120,CUST0007,Managed IT Support,"£2,613.03",2026-01-01,2026-01-15
INV10121,CUST0007,Leased Line,£438.07,2026-02-01,2026-02-11
INV10122,CUST0007,Cloud Hosting,£781.94,2026-02-01,2026-02-22
INV10123,CUST0007,Managed IT Support,£783.11,2026-02-01,2026-02-19
INV10124,CUST0007,Leased Line,£446.30,2026-03-01,2026-03-13
INV10125,CUST0007,Cloud Hosting,"£1,842.57",2026-03-01,2026-03-17
INV10126,CUST0007,Managed IT Support,"£2,819.23",2026-03-01,2026-03-19
INV10127,CUST0007,Leased Line,£405.92,2026-04-01,2026-04-22
INV10128,CUST0007,Cloud Hosting,£979.22,2026-04-01,2026-04-18
INV10129,CUST0007,Managed IT Support,"£2,985.77",2026-04-01,2026-04-17
INV10130,CUST0007,Leased Line,£585.77,2026-05-01,2026-05-16
INV10131,CUST0007,Cloud Hosting,"£2,065.11",2026-05-01,2026-05-28
INV10132,CUST0007,Managed IT Support,"£2,089.90",2026-05-01,2026-05-10
INV10133,CUST0007,Leased Line,£494.48,2026-06-01,2026-06-15
INV10134,CUST0007,Cloud Hosting,"£2,038.92",2026-06-01,2026-06-21
INV10135,CUST0007,Managed IT Support,"£2,209.79",2026-06-01,2026-06-10
INV10136,CUST0007,Leased Line,"£1,146.78",2026-07-01,2026-07-21
INV10137,CUST0007,Cloud Hosting,"£1,124.77",2026-07-01,2026-07-06
INV10138,CUST0007,Managed IT Support,"£2,755.23",2026-07-01,2026-07-06
INV10139,CUST0007,Leased Line,£618.72,2026-08-01,2026-08-10
INV10140,CUST0007,Cloud Hosting,"£1,320.17",2026-08-01,2026-08-29
INV10141,CUST0007,Managed IT Support,"£1,983.09",2026-08-01,2026-08-19
INV10142,CUST0007,Leased Line,£466.75,2026-09-01,2026-09-15
INV10143,CUST0007,Cloud Hosting,£713.40,2026-09-01,2026-09-09
INV10144,CUST0007,Managed IT Support,£524.15,2026-09-01,2026-09-19
INV10145,CUST0008,Microsoft 365 Licences,£168.71,2025-10-01,2025-10-21
INV10146,CUST0008,Managed IT Support,"£1,951.52",2025-10-01,2025-10-06
INV10147,CUST0008,Hosted VoIP,£635.01,2025-10-01,2025-10-24
INV10148,CUST0008,Microsoft 365 Licences,£261.78,2025-11-01,2025-11-10
INV10149,CUST0008,Managed IT Support,"£1,157.31",2025-11-01,2025-11-06
INV10150,CUST0008,Hosted VoIP,£622.66,2025-11-01,2025-11-13
INV10151,CUST0008,Microsoft 365 Licences,£495.17,2025-12-01,2025-12-11
INV10152,CUST0008,Managed IT Support,"£2,127.37",2025-12-01,2025-12-08
INV10153,CUST0008,Hosted VoIP,£556.91,2025-12-01,2025-12-17
INV10154,CUST0008,Microsoft 365 Licences,£138.05,2026-01-01,2026-01-22
INV10155,CUST0008,Managed IT Support,"£1,814.61",2026-01-01,2026-01-22
INV10156,CUST0008,Hosted VoIP,£578.99,2026-01-01,2026-01-18
INV10157,CUST0008,Microsoft 365 Licences,£710.07,2026-02-01,2026-02-07
INV10158,CUST0008,Managed IT Support,"£2,052.74",2026-02-01,2026-02-17
INV10159,CUST0008,Hosted VoIP,£362.63,2026-02-01,2026-02-06
INV10160,CUST0008,Microsoft 365 Licences,£343.54,2026-03-01,2026-03-08
INV10161,CUST0008,Managed IT Support,"£1,296.49",2026-03-01,2026-03-29
INV10162,CUST0008,Hosted VoIP,£653.12,2026-03-01,2026-03-09
INV10163,CUST0008,Microsoft 365 Licences,£637.77,2026-04-01,2026-04-29
INV10164,CUST0008,Managed IT Support,"£2,367.37",2026-04-01,2026-04-10
INV10165,CUST0008,Hosted VoIP,£211.92,2026-04-01,2026-04-23
INV10166,CUST0008,Microsoft 365 Licences,£330.37,2026-05-01,2026-05-26
INV10167,CUST0008,Managed IT Support,£855.23,2026-05-01,2026-05-27
INV10168,CUST0008,Hosted VoIP,£514.53,2026-05-01,2026-05-28
INV10169,CUST0008,Microsoft 365 Licences,£429.76,2026-06-01,2026-06-11
INV10170,CUST0008,Managed IT Support,"£2,509.89",2026-06-01,2026-06-08
INV10171,CUST0008,Hosted VoIP,£695.55,2026-06-01,2026-06-20
INV10172,CUST0008,Microsoft 365 Licences,£116.26,2026-07-01,2026-07-12
INV10173,CUST0008,Managed IT Support,£513.90,2026-07-01,2026-07-12
INV10174,CUST0008,Hosted VoIP,£817.77,2026-07-01,2026-07-16
INV10175,CUST0008,Microsoft 365 Licences,£752.69,2026-08-01,2026-08-22
INV10176,CUST0008,Managed IT Support,"£1,435.38",2026-08-01,2026-08-23
INV10177,CUST0008,Hosted VoIP,£520.85,2026-08-01,2026-08-07
INV10178,CUST0008,Microsoft 365 Licences,£624.84,2026-09-01,2026-09-12
INV10179,CUST0008,Managed IT Support,"£1,143.89",2026-09-01,2026-09-07
INV10180,CUST0008,Hosted VoIP,£803.37,2026-09-01,2026-09-16
INV10181,CUST0009,Hosted VoIP,£494.60,2025-10-01,2025-10-18
INV10182,CUST0009,Cloud Hosting,"£1,699.45",2025-10-01,2025-10-18
INV10183,CUST0009,Hosted VoIP,£424.11,2025-11-01,2025-11-11
INV10184,CUST0009,Cloud Hosting,"£1,217.60",2025-11-01,2025-11-21
INV10185,CUST0009,Hosted VoIP,£444.49,2025-12-01,2025-12-22
INV10186,CUST0009,Cloud Hosting,£770.11,2025-12-01,2025-12-08
INV10187,CUST0009,Hosted VoIP,£703.50,2026-01-01,2026-01-08
INV10188,CUST0009,Cloud Hosting,"£1,089.68",2026-01-01,2026-01-11
INV10189,CUST0009,Hosted VoIP,£572.74,2026-02-01,2026-02-16
INV10190,CUST0009,Cloud Hosting,£450.07,2026-02-01,2026-02-16
INV10191,CUST0009,Hosted VoIP,£655.86,2026-03-01,2026-03-15
INV10192,CUST0009,Cloud Hosting,"£1,119.54",2026-03-01,2026-03-28
INV10193,CUST0009,Hosted VoIP,£486.80,2026-04-01,2026-04-28
INV10194,CUST0009,Cloud Hosting,"£1,115.62",2026-04-01,2026-04-20
INV10195,CUST0009,Hosted VoIP,£210.50,2026-05-01,2026-05-17
INV10196,CUST0009,Cloud Hosting,"£1,448.96",2026-05-01,2026-05-19
INV10197,CUST0009,Hosted VoIP,£377.68,2026-06-01,2026-06-07
INV10198,CUST0009,Cloud Hosting,£396.33,2026-06-01,2026-06-26
INV10199,CUST0009,Hosted VoIP,£472.47,2026-07-01,2026-07-22
INV10200,CUST0009,Cloud Hosting,"£1,812.14",2026-07-01,2026-07-27
INV10201,CUST0009,Hosted VoIP,£295.19,2026-08-01,2026-08-06
INV10202,CUST0009,Cloud Hosting,£528.42,2026-08-01,2026-08-25
INV10203,CUST0009,Hosted VoIP,£668.22,2026-09-01,2026-09-20
INV10204,CUST0009,Cloud Hosting,£317.86,2026-09-01,2026-09-08
INV10205,CUST0010,Data Centre Colocation,"£1,332.66",2025-10-01,2025-10-18
INV10206,CUST0010,Data Centre Colocation,"£2,498.93",2025-11-01,2025-11-07
INV10207,CUST0010,Data Centre Colocation,"£1,810.19",2025-12-01,2025-12-27
INV10208,CUST0010,Data Centre Colocation,"£1,499.85",2026-01-01,2026-01-17
INV10209,CUST0010,Data Centre Colocation,"£1,344.03",2026-02-01,2026-02-08
INV10210,CUST0010,Data Centre Colocation,"£1,747.84",2026-03-01,2026-03-22
INV10211,CUST0010,Data Centre Colocation,"£1,333.90",2026-04-01,2026-04-16
INV10212,CUST0010,Data Centre Colocation,"£1,899.12",2026-05-01,2026-05-13
INV10213,CUST0010,Data Centre Colocation,"£2,521.04",2026-06-01,2026-06-06
INV10214,CUST0010,Data Centre Colocation,"£2,071.35",2026-07-01,2026-07-21
INV10215,CUST0010,Data Centre Colocation,"£1,635.49",2026-08-01,2026-08-23
INV10216,CUST0010,Data Centre Colocation,£835.52,2026-09-01,2026-09-14
INV10217,CUST0011,Managed IT Support,"£2,204.35",2025-10-01,2025-10-21
INV10218,CUST0011,Leased Line,£560.19,2025-10-01,2025-10-10
INV10219,CUST0011,Cloud Hosting,"£1,913.01",2025-10-01,2025-10-20
INV10220,CUST0011,Managed IT Support,£848.91,2025-11-01,2025-11-28
INV10221,CUST0011,Leased Line,£817.37,2025-11-01,2025-11-08
INV10222,CUST0011,Cloud Hosting,"£1,830.50",2025-11-01,2025-11-16
INV10223,CUST0011,Managed IT Support,"£2,136.38",2025-12-01,2025-12-28
INV10224,CUST0011,Leased Line,£418.19,2025-12-01,2025-12-23
INV10225,CUST0011,Cloud Hosting,£816.21,2025-12-01,2025-12-15
INV10226,CUST0011,Managed IT Support,"£2,613.54",2026-01-01,2026-01-28
INV10227,CUST0011,Leased Line,"£1,095.04",2026-01-01,2026-01-28
INV10228,CUST0011,Cloud Hosting,"£1,493.52",2026-01-01,2026-01-17
INV10229,CUST0011,Managed IT Support,"£1,722.76",2026-02-01,2026-02-09
INV10230,CUST0011,Leased Line,"£1,384.39",2026-02-01,2026-02-10
INV10231,CUST0011,Cloud Hosting,£711.64,2026-02-01,2026-02-21
INV10232,CUST0011,Managed IT Support,£468.34,2026-03-01,2026-03-23
INV10233,CUST0011,Leased Line,£950.89,2026-03-01,2026-03-20
INV10234,CUST0011,Cloud Hosting,"£1,817.14",2026-03-01,2026-03-23
INV10235,CUST0011,Managed IT Support,£737.41,2026-04-01,2026-04-08
INV10236,CUST0011,Leased Line,£419.04,2026-04-01,2026-04-18
INV10237,CUST0011,Cloud Hosting,"£2,199.21",2026-04-01,2026-04-29
INV10238,CUST0011,Managed IT Support,"£1,644.53",2026-05-01,2026-05-19
INV10239,CUST0011,Leased Line,"£1,157.62",2026-05-01,2026-05-24
INV10240,CUST0011,Cloud Hosting,£393.81,2026-05-01,2026-05-16
INV10241,CUST0011,Managed IT Support,"£2,070.08",2026-06-01,2026-06-20
INV10242,CUST0011,Leased Line,£839.12,2026-06-01,2026-06-22
INV10243,CUST0011,Cloud Hosting,£921.80,2026-06-01,2026-06-23
INV10244,CUST0011,Managed IT Support,"£2,063.46",2026-07-01,2026-07-11
INV10245,CUST0011,Leased Line,"£1,156.17",2026-07-01,2026-07-10
INV10246,CUST0011,Cloud Hosting,"£1,093.61",2026-07-01,2026-07-07
INV10247,CUST0011,Managed IT Support,"£2,561.62",2026-08-01,2026-08-22
INV10248,CUST0011,Leased Line,£510.67,2026-08-01,2026-08-11
INV10249,CUST0011,Cloud Hosting,£565.84,2026-08-01,2026-08-28
INV10250,CUST0011,Managed IT Support,£986.22,2026-09-01,2026-09-22
INV10251,CUST0011,Leased Line,"£1,289.67",2026-09-01,2026-09-08
INV10252,CUST0011,Cloud Hosting,£738.68,2026-09-01,2026-09-26
INV10253,CUST0012,Cloud Hosting,"£1,448.14",2025-10-01,2025-10-08
INV10254,CUST0012,Leased Line,£877.70,2025-10-01,2025-10-11
INV10255,CUST0012,Data Centre Colocation,"£1,783.62",2025-10-01,2025-10-24
INV10256,CUST0012,Cloud Hosting,£550.68,2025-11-01,2025-11-27
INV10257,CUST0012,Leased Line,"£1,005.70",2025-11-01,2025-11-25
INV10258,CUST0012,Data Centre Colocation,"£1,275.24",2025-11-01,2025-11-24
INV10259,CUST0012,Cloud Hosting,£330.33,2025-12-01,2025-12-06
INV10260,CUST0012,Leased Line,£435.28,2025-12-01,2025-12-26
INV10261,CUST0012,Data Centre Colocation,"£2,142.04",2025-12-01,2025-12-14
INV10262,CUST0012,Cloud Hosting,"£1,519.70",2026-01-01,2026-01-24
INV10263,CUST0012,Leased Line,£787.42,2026-01-01,2026-01-26
INV10264,CUST0012,Data Centre Colocation,£660.57,2026-01-01,2026-01-26
INV10265,CUST0012,Cloud Hosting,"£1,313.88",2026-02-01,2026-02-26
INV10266,CUST0012,Leased Line,"£1,354.48",2026-02-01,2026-02-21
INV10267,CUST0012,Data Centre Colocation,"£1,089.76",2026-02-01,2026-02-27
INV10268,CUST0012,Cloud Hosting,"£1,041.88",2026-03-01,2026-03-20
INV10269,CUST0012,Leased Line,£426.62,2026-03-01,2026-03-07
INV10270,CUST0012,Data Centre Colocation,£916.16,2026-03-01,2026-03-19
INV10271,CUST0012,Cloud Hosting,"£1,194.29",2026-04-01,2026-04-12
INV10272,CUST0012,Leased Line,£707.20,2026-04-01,2026-04-10
INV10273,CUST0012,Data Centre Colocation,"£1,225.16",2026-04-01,2026-04-28
INV10274,CUST0012,Cloud Hosting,£872.67,2026-05-01,2026-05-17
INV10275,CUST0012,Leased Line,"£1,374.14",2026-05-01,2026-05-10
INV10276,CUST0012,Data Centre Colocation,"£2,121.33",2026-05-01,2026-05-22
INV10277,CUST0012,Cloud Hosting,"£1,345.22",2026-06-01,2026-06-16
INV10278,CUST0012,Leased Line,£603.82,2026-06-01,2026-06-09
INV10279,CUST0012,Data Centre Colocation,"£1,134.94",2026-06-01,2026-06-13
INV10280,CUST0012,Cloud Hosting,£524.71,2026-07-01,2026-07-07
INV10281,CUST0012,Leased Line,£654.72,2026-07-01,2026-07-18
INV10282,CUST0012,Data Centre Colocation,"£2,328.33",2026-07-01,2026-07-19
INV10283,CUST0012,Cloud Hosting,£734.13,2026-08-01,2026-08-11
INV10284,CUST0012,Leased Line,"£1,204.15",2026-08-01,2026-08-24
INV10285,CUST0012,Data Centre Colocation,"£2,042.26",2026-08-01,2026-08-12
INV10286,CUST0012,Cloud Hosting,"£1,738.09",2026-09-01,2026-09-21
INV10287,CUST0012,Leased Line,"£1,395.77",2026-09-01,2026-09-20
INV10288,CUST0012,Data Centre Colocation,"£1,597.52",2026-09-01,2026-09-15
INV10289,CUST0013,Hosted VoIP,£860.57,2025-10-01,2025-10-13
INV10290,CUST0013,Data Centre Colocation,"£1,030.29",2025-10-01,2025-11-08
INV10291,CUST0013,Hosted VoIP,£382.58,2025-11-01,2025-11-26
INV10292,CUST0013,Data Centre Colocation,"£1,945.04",2025-11-01,2025-12-06
INV10293,CUST0013,Hosted VoIP,£789.96,2025-12-01,2026-01-21
INV10294,CUST0013,Data Centre Colocation,"£2,055.02",2025-12-01,2025-12-17
INV10295,CUST0013,Hosted VoIP,£212.57,2026-01-01,2026-03-12
INV10296,CUST0013,Data Centre Colocation,£989.31,2026-01-01,2026-01-08
INV10297,CUST0013,Hosted VoIP,£458.17,2026-02-01,2026-04-12
INV10298,CUST0013,Data Centre Colocation,"£1,159.44",2026-02-01,2026-02-27
INV10299,CUST0013,Hosted VoIP,£619.95,2026-03-01,2026-04-11
INV10300,CUST0013,Data Centre Colocation,"£1,387.81",2026-03-01,2026-03-16
INV10301,CUST0013,Hosted VoIP,£581.64,2026-04-01,2026-05-15
INV10302,CUST0013,Data Centre Colocation,£998.12,2026-04-01,2026-04-22
INV10303,CUST0013,Hosted VoIP,£208.98,2026-05-01,2026-07-20
INV10304,CUST0013,Data Centre Colocation,"£1,266.08",2026-05-01,2026-07-04
INV10305,CUST0013,Hosted VoIP,£287.24,2026-06-01,2026-06-10
INV10306,CUST0013,Data Centre Colocation,"£1,255.93",2026-06-01,2026-06-11
INV10307,CUST0013,Hosted VoIP,£462.93,2026-07-01,2026-07-15
INV10308,CUST0013,Data Centre Colocation,"£1,787.45",2026-07-01,2026-07-22
INV10309,CUST0013,Hosted VoIP,£563.28,2026-08-01,2026-08-15
INV10310,CUST0013,Data Centre Colocation,"£1,549.79",2026-08-01,
INV10311,CUST0013,Hosted VoIP,£418.49,2026-09-01,
INV10312,CUST0013,Data Centre Colocation,"£1,433.08",2026-09-01,
INV10313,CUST0014,Data Centre Colocation,"£1,131.06",2025-10-01,2025-10-26
INV10314,CUST0014,Hosted VoIP,£743.69,2025-10-01,2025-10-24
INV10315,CUST0014,Managed IT Support,"£1,901.85",2025-10-01,2025-10-29
INV10316,CUST0014,Data Centre Colocation,£702.71,2025-11-01,2025-11-21
INV10317,CUST0014,Hosted VoIP,£302.77,2025-11-01,2025-11-26
INV10318,CUST0014,Managed IT Support,"£2,275.08",2025-11-01,2025-11-18
INV10319,CUST0014,Data Centre Colocation,£895.55,2025-12-01,2025-12-27
INV10320,CUST0014,Hosted VoIP,£354.38,2025-12-01,2025-12-24
INV10321,CUST0014,Managed IT Support,"£2,865.33",2025-12-01,2025-12-09
INV10322,CUST0014,Data Centre Colocation,£981.57,2026-01-01,2026-01-20
INV10323,CUST0014,Hosted VoIP,£405.86,2026-01-01,2026-01-10
INV10324,CUST0014,Managed IT Support,"£1,473.70",2026-01-01,2026-01-12
INV10325,CUST0014,Data Centre Colocation,"£1,420.75",2026-02-01,2026-02-25
INV10326,CUST0014,Hosted VoIP,£842.78,2026-02-01,2026-03-01
INV10327,CUST0014,Managed IT Support,"£2,291.25",2026-02-01,2026-02-28
INV10328,CUST0014,Data Centre Colocation,£876.16,2026-03-01,2026-03-12
INV10329,CUST0014,Hosted VoIP,£583.84,2026-03-01,2026-03-27
INV10330,CUST0014,Managed IT Support,"£1,643.76",2026-03-01,2026-03-18
INV10331,CUST0014,Data Centre Colocation,"£1,227.51",2026-04-01,2026-04-11
INV10332,CUST0014,Hosted VoIP,£510.96,2026-04-01,2026-04-23
INV10333,CUST0014,Managed IT Support,"£1,290.05",2026-04-01,2026-04-17
INV10334,CUST0014,Data Centre Colocation,"£1,951.74",2026-05-01,2026-05-29
INV10335,CUST0014,Hosted VoIP,£670.14,2026-05-01,2026-05-28
INV10336,CUST0014,Managed IT Support,"£1,087.34",2026-05-01,2026-05-21
INV10337,CUST0014,Data Centre Colocation,£984.53,2026-06-01,2026-06-13
INV10338,CUST0014,Hosted VoIP,£380.88,2026-06-01,2026-06-15
INV10339,CUST0014,Managed IT Support,£984.65,2026-06-01,2026-06-15
INV10340,CUST0014,Data Centre Colocation,"£2,142.35",2026-07-01,2026-07-28
INV10341,CUST0014,Hosted VoIP,£329.24,2026-07-01,2026-07-28
INV10342,CUST0014,Managed IT Support,"£1,671.41",2026-07-01,2026-07-21
INV10343,CUST0014,Data Centre Colocation,"£1,297.61",2026-08-01,2026-08-29
INV10344,CUST0014,Hosted VoIP,£376.89,2026-08-01,2026-08-09
INV10345,CUST0014,Managed IT Support,"£1,891.04",2026-08-01,2026-08-23
INV10346,CUST0014,Data Centre Colocation,"£1,359.39",2026-09-01,2026-09-18
INV10347,CUST0014,Hosted VoIP,£769.23,2026-09-01,2026-09-10
INV10348,CUST0014,Managed IT Support,"£1,155.18",2026-09-01,2026-09-15
INV10349,CUST0015,Hosted VoIP,£652.30,2025-10-01,2025-10-12
INV10350,CUST0015,Cloud Hosting,£644.03,2025-10-01,2025-10-23
INV10351,CUST0015,Managed IT Support,"£2,210.05",2025-10-01,2025-12-14
INV10352,CUST0015,Hosted VoIP,£713.44,2025-11-01,2025-12-09
INV10353,CUST0015,Cloud Hosting,"£1,556.18",2025-11-01,2025-11-26
INV10354,CUST0015,Managed IT Support,"£1,005.38",2025-11-01,2025-12-27
INV10355,CUST0015,Hosted VoIP,£696.50,2025-12-01,2026-02-23
INV10356,CUST0015,Cloud Hosting,£518.06,2025-12-01,2025-12-11
INV10357,CUST0015,Managed IT Support,"£1,457.96",2025-12-01,2025-12-21
INV10358,CUST0015,Hosted VoIP,£523.76,2026-01-01,2026-02-23
INV10359,CUST0015,Cloud Hosting,£876.28,2026-01-01,2026-01-08
INV10360,CUST0015,Managed IT Support,"£2,095.98",2026-01-01,2026-03-24
INV10361,CUST0015,Hosted VoIP,£700.64,2026-02-01,2026-02-11
INV10362,CUST0015,Cloud Hosting,"£1,064.88",2026-02-01,2026-02-07
INV10363,CUST0015,Managed IT Support,"£2,992.65",2026-02-01,2026-04-08
INV10364,CUST0015,Hosted VoIP,£314.14,2026-03-01,2026-03-15
INV10365,CUST0015,Cloud Hosting,"£1,959.65",2026-03-01,2026-05-11
INV10366,CUST0015,Managed IT Support,"£1,967.24",2026-03-01,2026-03-16
INV10367,CUST0015,Hosted VoIP,£384.88,2026-04-01,2026-04-23
INV10368,CUST0015,Cloud Hosting,"£1,272.42",2026-04-01,2026-04-10
INV10369,CUST0015,Managed IT Support,"£2,612.76",2026-04-01,2026-05-18
INV10370,CUST0015,Hosted VoIP,£762.35,2026-05-01,2026-07-21
INV10371,CUST0015,Cloud Hosting,"£1,144.88",2026-05-01,2026-06-16
INV10372,CUST0015,Managed IT Support,£436.62,2026-05-01,2026-06-23
INV10373,CUST0015,Hosted VoIP,£588.80,2026-06-01,2026-06-11
INV10374,CUST0015,Cloud Hosting,"£1,441.36",2026-06-01,2026-06-18
INV10375,CUST0015,Managed IT Support,"£2,550.17",2026-06-01,2026-06-08
INV10376,CUST0015,Hosted VoIP,£468.60,2026-07-01,2026-08-13
INV10377,CUST0015,Cloud Hosting,"£1,181.04",2026-07-01,2026-07-06
INV10378,CUST0015,Managed IT Support,"£1,078.04",2026-07-01,2026-09-22
INV10379,CUST0015,Hosted VoIP,£372.24,2026-08-01,
INV10380,CUST0015,Cloud Hosting,"£1,385.80",2026-08-01,2026-08-14
INV10381,CUST0015,Managed IT Support,"£2,099.58",2026-08-01,2026-08-07
INV10382,CUST0015,Hosted VoIP,£660.81,2026-09-01,
INV10383,CUST0015,Cloud Hosting,£561.45,2026-09-01,2026-09-28
INV10384,CUST0015,Managed IT Support,"£2,401.59",2026-09-01,2026-09-26
INV10385,CUST0016,Cloud Hosting,£680.66,2025-10-01,2025-10-10
INV10386,CUST0016,Microsoft 365 Licences,£429.51,2025-10-01,2025-10-20
INV10387,CUST0016,Cloud Hosting,"£1,708.08",2025-11-01,2025-11-25
INV10388,CUST0016,Microsoft 365 Licences,£355.27,2025-11-01,2025-11-28
INV10389,CUST0016,Cloud Hosting,"£1,321.01",2025-12-01,2025-12-21
INV10390,CUST0016,Microsoft 365 Licences,£627.72,2025-12-01,2025-12-27
INV10391,CUST0016,Cloud Hosting,"£1,859.93",2026-01-01,2026-01-13
INV10392,CUST0016,Microsoft 365 Licences,£573.04,2026-01-01,2026-01-25
INV10393,CUST0016,Cloud Hosting,"£1,952.61",2026-02-01,2026-02-08
INV10394,CUST0016,Microsoft 365 Licences,£463.11,2026-02-01,2026-02-22
INV10395,CUST0016,Cloud Hosting,"£1,622.34",2026-03-01,2026-03-08
INV10396,CUST0016,Microsoft 365 Licences,£741.24,2026-03-01,2026-03-09
INV10397,CUST0016,Cloud Hosting,£370.43,2026-04-01,2026-04-23
INV10398,CUST0016,Microsoft 365 Licences,£731.05,2026-04-01,2026-04-12
INV10399,CUST0016,Cloud Hosting,"£1,366.77",2026-05-01,2026-05-10
INV10400,CUST0016,Microsoft 365 Licences,£206.82,2026-05-01,2026-05-22
INV10401,CUST0016,Cloud Hosting,"£1,111.59",2026-06-01,2026-06-27
INV10402,CUST0016,Microsoft 365 Licences,£235.84,2026-06-01,2026-06-24
INV10403,CUST0016,Cloud Hosting,"£1,203.21",2026-07-01,2026-07-22
INV10404,CUST0016,Microsoft 365 Licences,£406.29,2026-07-01,2026-07-07
INV10405,CUST0016,Cloud Hosting,"£1,134.19",2026-08-01,2026-08-22
INV10406,CUST0016,Microsoft 365 Licences,£384.95,2026-08-01,2026-08-24
INV10407,CUST0016,Cloud Hosting,£362.59,2026-09-01,2026-09-20
INV10408,CUST0016,Microsoft 365 Licences,£567.67,2026-09-01,2026-09-15
INV10409,CUST0017,Hosted VoIP,£767.85,2025-10-01,2025-10-29
INV10410,CUST0017,Managed IT Support,£966.54,2025-10-01,2025-10-08
INV10411,CUST0017,Cloud Hosting,£338.32,2025-10-01,2025-10-17
INV10412,CUST0017,Hosted VoIP,£684.28,2025-11-01,2025-11-23
INV10413,CUST0017,Managed IT Support,"£2,984.72",2025-11-01,2025-11-08
INV10414,CUST0017,Cloud Hosting,"£2,172.97",2025-11-01,2025-11-21
INV10415,CUST0017,Hosted VoIP,£202.85,2025-12-01,2025-12-19
INV10416,CUST0017,Managed IT Support,£867.95,2025-12-01,2025-12-10
INV10417,CUST0017,Cloud Hosting,"£1,743.36",2025-12-01,2025-12-29
INV10418,CUST0017,Hosted VoIP,£645.03,2026-01-01,2026-01-19
INV10419,CUST0017,Managed IT Support,"£1,373.60",2026-01-01,2026-01-18
INV10420,CUST0017,Cloud Hosting,"£1,124.65",2026-01-01,2026-01-18
INV10421,CUST0017,Hosted VoIP,£450.46,2026-02-01,2026-02-27
INV10422,CUST0017,Managed IT Support,"£2,906.78",2026-02-01,2026-02-23
INV10423,CUST0017,Cloud Hosting,£509.33,2026-02-01,2026-02-17
INV10424,CUST0017,Hosted VoIP,£265.42,2026-03-01,2026-03-23
INV10425,CUST0017,Managed IT Support,"£1,421.95",2026-03-01,2026-03-10
INV10426,CUST0017,Cloud Hosting,"£1,669.32",2026-03-01,2026-03-13
INV10427,CUST0017,Hosted VoIP,£781.07,2026-04-01,2026-04-06
INV10428,CUST0017,Managed IT Support,"£2,944.08",2026-04-01,2026-04-20
INV10429,CUST0017,Cloud Hosting,"£1,563.32",2026-04-01,2026-04-23
INV10430,CUST0017,Hosted VoIP,£485.37,2026-05-01,2026-05-18
INV10431,CUST0017,Managed IT Support,"£2,540.74",2026-05-01,2026-05-13
INV10432,CUST0017,Cloud Hosting,"£1,148.22",2026-05-01,2026-05-10
INV10433,CUST0017,Hosted VoIP,£378.47,2026-06-01,2026-06-29
INV10434,CUST0017,Managed IT Support,"£2,390.27",2026-06-01,2026-06-07
INV10435,CUST0017,Cloud Hosting,"£1,828.48",2026-06-01,2026-06-19
INV10436,CUST0017,Hosted VoIP,£622.74,2026-07-01,2026-07-06
INV10437,CUST0017,Managed IT Support,"£1,025.73",2026-07-01,2026-07-08
INV10438,CUST0017,Cloud Hosting,£446.75,2026-07-01,2026-07-07
INV10439,CUST0017,Hosted VoIP,£501.44,2026-08-01,2026-08-27
INV10440,CUST0017,Managed IT Support,"£2,228.54",2026-08-01,2026-08-07
INV10441,CUST0017,Cloud Hosting,£727.23,2026-08-01,2026-08-07
INV10442,CUST0017,Hosted VoIP,£469.63,2026-09-01,2026-09-13
INV10443,CUST0017,Managed IT Support,"£1,803.38",2026-09-01,2026-09-07
INV10444,CUST0017,Cloud Hosting,£523.26,2026-09-01,2026-09-15
INV10445,CUST0018,Data Centre Colocation,"£1,752.22",2025-10-01,2025-10-24
INV10446,CUST0018,Data Centre Colocation,"£1,795.84",2025-11-01,2025-11-27
INV10447,CUST0018,Data Centre Colocation,"£2,236.76",2025-12-01,2025-12-13
INV10448,CUST0018,Data Centre Colocation,"£1,203.53",2026-01-01,2026-01-10
INV10449,CUST0018,Data Centre Colocation,"£2,571.39",2026-02-01,2026-02-22
INV10450,CUST0018,Data Centre Colocation,"£1,042.09",2026-03-01,2026-03-15
INV10451,CUST0018,Data Centre Colocation,"£1,150.31",2026-04-01,2026-04-23
INV10452,CUST0018,Data Centre Colocation,"£2,497.04",2026-05-01,2026-05-29
INV10453,CUST0018,Data Centre Colocation,"£2,423.16",2026-06-01,2026-06-26
INV10454,CUST0018,Data Centre Colocation,"£1,957.50",2026-07-01,2026-07-23
INV10455,CUST0018,Data Centre Colocation,"£1,591.24",2026-08-01,2026-08-17
INV10456,CUST0018,Data Centre Colocation,"£2,483.17",2026-09-01,2026-09-27
INV10457,CUST0019,Microsoft 365 Licences,£584.38,2025-10-01,2025-11-24
INV10458,CUST0019,Cloud Hosting,£984.10,2025-10-01,2025-10-21
INV10459,CUST0019,Microsoft 365 Licences,£261.09,2025-11-01,2026-01-29
INV10460,CUST0019,Cloud Hosting,"£1,629.77",2025-11-01,2025-11-07
INV10461,CUST0019,Microsoft 365 Licences,£489.29,2025-12-01,2025-12-23
INV10462,CUST0019,Cloud Hosting,"£1,283.48",2025-12-01,2026-01-21
INV10463,CUST0019,Microsoft 365 Licences,£234.37,2026-01-01,2026-01-20
INV10464,CUST0019,Cloud Hosting,"£1,901.91",2026-01-01,2026-03-23
INV10465,CUST0019,Microsoft 365 Licences,£678.88,2026-02-01,2026-04-01
INV10466,CUST0019,Cloud Hosting,"£1,563.66",2026-02-01,2026-02-08
INV10467,CUST0019,Microsoft 365 Licences,£223.60,2026-03-01,2026-03-29
INV10468,CUST0019,Cloud Hosting,"£1,559.33",2026-03-01,2026-04-18
INV10469,CUST0019,Microsoft 365 Licences,£707.33,2026-04-01,2026-05-06
INV10470,CUST0019,Cloud Hosting,£663.03,2026-04-01,2026-06-22
INV10471,CUST0019,Microsoft 365 Licences,£173.29,2026-05-01,2026-05-21
INV10472,CUST0019,Cloud Hosting,"£2,033.16",2026-05-01,2026-05-28
INV10473,CUST0019,Microsoft 365 Licences,£235.20,2026-06-01,2026-06-23
INV10474,CUST0019,Cloud Hosting,£877.15,2026-06-01,2026-08-04
INV10475,CUST0019,Microsoft 365 Licences,£468.89,2026-07-01,2026-08-21
INV10476,CUST0019,Cloud Hosting,£951.31,2026-07-01,2026-07-20
INV10477,CUST0019,Microsoft 365 Licences,£160.01,2026-08-01,2026-08-21
INV10478,CUST0019,Cloud Hosting,"£1,735.18",2026-08-01,
INV10479,CUST0019,Microsoft 365 Licences,£234.22,2026-09-01,
INV10480,CUST0019,Cloud Hosting,£339.15,2026-09-01,2026-09-29
INV10481,CUST0020,Hosted VoIP,£367.76,2025-10-01,2025-10-24
INV10482,CUST0020,Hosted VoIP,£596.98,2025-11-01,2025-11-19
INV10483,CUST0020,Hosted VoIP,£392.54,2025-12-01,2025-12-12
INV10484,CUST0020,Hosted VoIP,£417.50,2026-01-01,2026-01-18
INV10485,CUST0020,Hosted VoIP,£590.25,2026-02-01,2026-02-13
INV10486,CUST0020,Hosted VoIP,£539.50,2026-03-01,2026-03-26
INV10487,CUST0020,Hosted VoIP,£859.29,2026-04-01,2026-04-16
INV10488,CUST0020,Hosted VoIP,£365.28,2026-05-01,2026-05-21
INV10489,CUST0020,Hosted VoIP,£875.89,2026-06-01,2026-06-26
INV10490,CUST0020,Hosted VoIP,£712.51,2026-07-01,2026-07-20
INV10491,CUST0020,Hosted VoIP,£301.13,2026-08-01,2026-08-17
INV10492,CUST0020,Hosted VoIP,£301.87,2026-09-01,2026-09-29
INV10493,CUST0021,Managed IT Support,"£1,762.26",2025-10-01,2025-10-08
INV10494,CUST0021,Leased Line,"£1,342.45",2025-10-01,2025-10-06
INV10495,CUST0021,Hosted VoIP,£476.92,2025-10-01,2025-10-13
INV10496,CUST0021,Managed IT Support,£576.72,2025-11-01,2025-12-19
INV10497,CUST0021,Leased Line,£881.02,2025-11-01,2026-01-14
INV10498,CUST0021,Hosted VoIP,£639.16,2025-11-01,2025-11-21
INV10499,CUST0021,Managed IT Support,"£2,114.14",2025-12-01,2026-02-08
INV10500,CUST0021,Leased Line,£929.23,2025-12-01,2026-02-07
INV10501,CUST0021,Hosted VoIP,£699.98,2025-12-01,2025-12-15
INV10502,CUST0021,Managed IT Support,£444.57,2026-01-01,2026-01-27
INV10503,CUST0021,Leased Line,£802.10,2026-01-01,2026-01-11
INV10504,CUST0021,Hosted VoIP,£257.05,2026-01-01,2026-02-14
INV10505,CUST0021,Managed IT Support,"£1,026.52",2026-02-01,2026-02-14
INV10506,CUST0021,Leased Line,"£1,205.98",2026-02-01,2026-04-02
INV10507,CUST0021,Hosted VoIP,£236.89,2026-02-01,2026-02-20
INV10508,CUST0021,Managed IT Support,"£1,869.01",2026-03-01,2026-03-13
INV10509,CUST0021,Leased Line,£664.97,2026-03-01,2026-03-08
INV10510,CUST0021,Hosted VoIP,£650.69,2026-03-01,2026-03-07
INV10511,CUST0021,Managed IT Support,£643.10,2026-04-01,2026-06-10
INV10512,CUST0021,Leased Line,£849.81,2026-04-01,2026-04-28
INV10513,CUST0021,Hosted VoIP,£303.40,2026-04-01,2026-06-02
INV10514,CUST0021,Managed IT Support,"£2,076.76",2026-05-01,2026-07-29
INV10515,CUST0021,Leased Line,"£1,372.53",2026-05-01,2026-05-07
INV10516,CUST0021,Hosted VoIP,£345.43,2026-05-01,2026-05-28
INV10517,CUST0021,Managed IT Support,"£2,707.64",2026-06-01,2026-07-08
INV10518,CUST0021,Leased Line,"£1,320.37",2026-06-01,2026-06-14
INV10519,CUST0021,Hosted VoIP,£827.50,2026-06-01,2026-06-07
INV10520,CUST0021,Managed IT Support,£866.32,2026-07-01,2026-07-06
INV10521,CUST0021,Leased Line,"£1,359.54",2026-07-01,2026-07-28
INV10522,CUST0021,Hosted VoIP,£771.05,2026-07-01,2026-07-15
INV10523,CUST0021,Managed IT Support,£822.37,2026-08-01,
INV10524,CUST0021,Leased Line,"£1,226.38",2026-08-01,
INV10525,CUST0021,Hosted VoIP,£825.50,2026-08-01,
INV10526,CUST0021,Managed IT Support,"£2,364.58",2026-09-01,
INV10527,CUST0021,Leased Line,"£1,387.90",2026-09-01,2026-09-22
INV10528,CUST0021,Hosted VoIP,£716.73,2026-09-01,
INV10529,CUST0022,Managed IT Support,"£1,003.57",2025-10-01,2025-10-08
INV10530,CUST0022,Managed IT Support,"£1,285.54",2025-11-01,2025-11-25
INV10531,CUST0022,Managed IT Support,"£2,882.63",2025-12-01,2025-12-18
INV10532,CUST0022,Managed IT Support,"£2,919.19",2026-01-01,2026-01-16
INV10533,CUST0022,Managed IT Support,£477.03,2026-02-01,2026-02-14
INV10534,CUST0022,Managed IT Support,"£2,437.23",2026-03-01,2026-03-20
INV10535,CUST0022,Managed IT Support,"£1,675.57",2026-04-01,2026-04-17
INV10536,CUST0022,Managed IT Support,"£1,837.90",2026-05-01,2026-05-18
INV10537,CUST0022,Managed IT Support,"£1,522.80",2026-06-01,2026-06-27
INV10538,CUST0022,Managed IT Support,"£1,923.28",2026-07-01,2026-07-18
INV10539,CUST0022,Managed IT Support,£622.80,2026-08-01,2026-08-25
INV10540,CUST0022,Managed IT Support,"£1,167.99",2026-09-01,2026-09-13
INV10541,CUST0023,Hosted VoIP,£291.04,2025-10-01,2025-10-26
INV10542,CUST0023,Data Centre Colocation,£908.55,2025-10-01,2025-11-28
INV10543,CUST0023,Cloud Hosting,£457.77,2025-10-01,2025-11-24
INV10544,CUST0023,Hosted VoIP,£500.21,2025-11-01,2025-11-09
INV10545,CUST0023,Data Centre Colocation,£865.01,2025-11-01,2026-01-03
INV10546,CUST0023,Cloud Hosting,"£1,336.12",2025-11-01,2025-11-09
INV10547,CUST0023,Hosted VoIP,£198.91,2025-12-01,2026-01-10
INV10548,CUST0023,Data Centre Colocation,"£1,793.85",2025-12-01,2025-12-18
INV10549,CUST0023,Cloud Hosting,£274.06,2025-12-01,2026-02-23
INV10550,CUST0023,Hosted VoIP,£240.98,2026-01-01,2026-01-13
INV10551,CUST0023,Data Centre Colocation,"£1,743.92",2026-01-01,2026-03-01
INV10552,CUST0023,Cloud Hosting,£580.53,2026-01-01,2026-02-22
INV10553,CUST0023,Hosted VoIP,£535.05,2026-02-01,2026-04-04
INV10554,CUST0023,Data Centre Colocation,"£1,151.92",2026-02-01,2026-04-27
INV10555,CUST0023,Cloud Hosting,£400.00,2026-02-01,2026-03-23
INV10556,CUST0023,Hosted VoIP,£699.05,2026-03-01,2026-05-14
INV10557,CUST0023,Data Centre Colocation,£991.10,2026-03-01,2026-04-24
INV10558,CUST0023,Cloud Hosting,£263.20,2026-03-01,2026-05-28
INV10559,CUST0023,Hosted VoIP,£626.54,2026-04-01,2026-04-16
INV10560,CUST0023,Data Centre Colocation,"£1,480.45",2026-04-01,2026-06-27
INV10561,CUST0023,Cloud Hosting,"£1,926.04",2026-04-01,2026-04-10
INV10562,CUST0023,Hosted VoIP,£396.31,2026-05-01,2026-05-28
INV10563,CUST0023,Data Centre Colocation,"£1,001.70",2026-05-01,2026-06-30
INV10564,CUST0023,Cloud Hosting,"£2,139.01",2026-05-01,2026-07-19
INV10565,CUST0023,Hosted VoIP,£635.69,2026-06-01,2026-06-13
INV10566,CUST0023,Data Centre Colocation,"£1,251.77",2026-06-01,2026-08-25
INV10567,CUST0023,Cloud Hosting,"£1,016.22",2026-06-01,2026-08-11
INV10568,CUST0023,Hosted VoIP,£323.86,2026-07-01,2026-07-11
INV10569,CUST0023,Data Centre Colocation,"£1,963.43",2026-07-01,2026-07-29
INV10570,CUST0023,Cloud Hosting,"£1,150.16",2026-07-01,2026-07-20
INV10571,CUST0023,Hosted VoIP,£754.33,2026-08-01,2026-08-08
INV10572,CUST0023,Data Centre Colocation,"£2,237.93",2026-08-01,2026-08-19
INV10573,CUST0023,Cloud Hosting,"£1,562.31",2026-08-01,
INV10574,CUST0023,Hosted VoIP,£398.04,2026-09-01,
INV10575,CUST0023,Data Centre Colocation,£908.29,2026-09-01,
INV10576,CUST0023,Cloud Hosting,£985.13,2026-09-01,
INV10577,CUST0024,Managed IT Support,"£1,789.36",2025-10-01,2025-10-28
INV10578,CUST0024,Microsoft 365 Licences,£386.99,2025-10-01,2025-11-28
INV10579,CUST0024,Data Centre Colocation,"£2,003.27",2025-10-01,2025-10-25
INV10580,CUST0024,Managed IT Support,"£2,059.27",2025-11-01,2026-01-24
INV10581,CUST0024,Microsoft 365 Licences,£266.24,2025-11-01,2025-11-11
INV10582,CUST0024,Data Centre Colocation,"£1,894.00",2025-11-01,2026-01-16
INV10583,CUST0024,Managed IT Support,"£2,161.43",2025-12-01,2026-02-22
INV10584,CUST0024,Microsoft 365 Licences,£325.43,2025-12-01,2025-12-09
INV10585,CUST0024,Data Centre Colocation,£621.10,2025-12-01,2026-02-06
INV10586,CUST0024,Managed IT Support,"£2,341.82",2026-01-01,2026-01-28
INV10587,CUST0024,Microsoft 365 Licences,£498.42,2026-01-01,2026-03-02
INV10588,CUST0024,Data Centre Colocation,"£1,526.13",2026-01-01,2026-01-28
INV10589,CUST0024,Managed IT Support,"£1,701.21",2026-02-01,2026-03-09
INV10590,CUST0024,Microsoft 365 Licences,£432.77,2026-02-01,2026-03-13
INV10591,CUST0024,Data Centre Colocation,£832.14,2026-02-01,2026-02-10
INV10592,CUST0024,Managed IT Support,"£1,305.65",2026-03-01,2026-05-25
INV10593,CUST0024,Microsoft 365 Licences,£236.88,2026-03-01,2026-05-05
INV10594,CUST0024,Data Centre Colocation,£795.25,2026-03-01,2026-03-20
INV10595,CUST0024,Managed IT Support,"£1,229.16",2026-04-01,2026-06-26
INV10596,CUST0024,Microsoft 365 Licences,£594.65,2026-04-01,2026-05-27
INV10597,CUST0024,Data Centre Colocation,"£1,895.94",2026-04-01,2026-04-11
INV10598,CUST0024,Managed IT Support,"£2,817.80",2026-05-01,2026-05-22
INV10599,CUST0024,Microsoft 365 Licences,£213.86,2026-05-01,2026-07-10
INV10600,CUST0024,Data Centre Colocation,"£1,452.74",2026-05-01,2026-07-26
INV10601,CUST0024,Managed IT Support,"£1,453.12",2026-06-01,2026-08-15
INV10602,CUST0024,Microsoft 365 Licences,£556.69,2026-06-01,2026-08-22
INV10603,CUST0024,Data Centre Colocation,"£1,828.21",2026-06-01,2026-08-12
INV10604,CUST0024,Managed IT Support,"£1,516.84",2026-07-01,2026-08-18
INV10605,CUST0024,Microsoft 365 Licences,£236.11,2026-07-01,2026-07-08
INV10606,CUST0024,Data Centre Colocation,"£1,754.70",2026-07-01,2026-07-23
INV10607,CUST0024,Managed IT Support,£886.10,2026-08-01,
INV10608,CUST0024,Microsoft 365 Licences,£414.86,2026-08-01,
INV10609,CUST0024,Data Centre Colocation,"£2,325.27",2026-08-01,2026-08-26
INV10610,CUST0024,Managed IT Support,"£1,214.85",2026-09-01,
INV10611,CUST0024,Microsoft 365 Licences,£368.71,2026-09-01,
INV10612,CUST0024,Data Centre Colocation,"£1,303.97",2026-09-01,
INV10613,CUST0025,Data Centre Colocation,"£2,011.98",2025-10-01,2025-10-15
INV10614,CUST0025,Data Centre Colocation,"£2,437.37",2025-11-01,2025-11-24
INV10615,CUST0025,Data Centre Colocation,£769.50,2025-12-01,2025-12-10
INV10616,CUST0025,Data Centre Colocation,"£1,226.37",2026-01-01,2026-01-13
INV10617,CUST0025,Data Centre Colocation,"£1,210.76",2026-02-01,2026-02-11
INV10618,CUST0025,Data Centre Colocation,"£1,346.61",2026-03-01,2026-03-10
INV10619,CUST0025,Data Centre Colocation,"£1,621.65",2026-04-01,2026-04-19
INV10620,CUST0025,Data Centre Colocation,"£1,792.85",2026-05-01,2026-05-24
INV10621,CUST0025,Data Centre Colocation,"£1,367.42",2026-06-01,2026-06-11
INV10622,CUST0025,Data Centre Colocation,"£1,573.34",2026-07-01,2026-07-23
INV10623,CUST0025,Data Centre Colocation,"£1,986.87",2026-08-01,2026-08-26
INV10624,CUST0025,Data Centre Colocation,"£2,461.39",2026-09-01,2026-09-11
INV10625,CUST0026,Leased Line,£497.31,2025-10-01,2025-10-16
INV10626,CUST0026,Managed IT Support,"£2,589.16",2025-10-01,2025-10-25
INV10627,CUST0026,Cloud Hosting,£354.54,2025-10-01,2025-10-17
INV10628,CUST0026,Leased Line,"£1,349.43",2025-11-01,2025-11-21
INV10629,CUST0026,Managed IT Support,£754.99,2025-11-01,2025-11-18
INV10630,CUST0026,Cloud Hosting,"£2,129.47",2025-11-01,2025-11-22
INV10631,CUST0026,Leased Line,"£1,035.72",2025-12-01,2025-12-19
INV10632,CUST0026,Managed IT Support,"£2,180.21",2025-12-01,2025-12-19
INV10633,CUST0026,Cloud Hosting,"£1,634.78",2025-12-01,2025-12-20
INV10634,CUST0026,Leased Line,£863.13,2026-01-01,2026-01-08
INV10635,CUST0026,Managed IT Support,"£1,870.03",2026-01-01,2026-01-13
INV10636,CUST0026,Cloud Hosting,£819.58,2026-01-01,2026-01-14
INV10637,CUST0026,Leased Line,£586.09,2026-02-01,2026-02-15
INV10638,CUST0026,Managed IT Support,£837.34,2026-02-01,2026-02-20
INV10639,CUST0026,Cloud Hosting,"£1,353.02",2026-02-01,2026-02-21
INV10640,CUST0026,Leased Line,£927.21,2026-03-01,2026-03-09
INV10641,CUST0026,Managed IT Support,"£1,889.06",2026-03-01,2026-03-14
INV10642,CUST0026,Cloud Hosting,"£1,761.47",2026-03-01,2026-03-17
INV10643,CUST0026,Leased Line,£919.15,2026-04-01,2026-04-07
INV10644,CUST0026,Managed IT Support,"£2,376.01",2026-04-01,2026-04-20
INV10645,CUST0026,Cloud Hosting,"£1,315.39",2026-04-01,2026-04-19
INV10646,CUST0026,Leased Line,£457.54,2026-05-01,2026-05-26
INV10647,CUST0026,Managed IT Support,"£2,353.50",2026-05-01,2026-05-15
INV10648,CUST0026,Cloud Hosting,"£1,955.88",2026-05-01,2026-05-07
INV10649,CUST0026,Leased Line,£822.22,2026-06-01,2026-06-17
INV10650,CUST0026,Managed IT Support,"£2,641.72",2026-06-01,2026-06-08
INV10651,CUST0026,Cloud Hosting,"£1,106.19",2026-06-01,2026-06-09
INV10652,CUST0026,Leased Line,"£1,164.41",2026-07-01,2026-07-13
INV10653,CUST0026,Managed IT Support,£945.68,2026-07-01,2026-07-29
INV10654,CUST0026,Cloud Hosting,"£1,396.45",2026-07-01,2026-07-17
INV10655,CUST0026,Leased Line,"£1,254.10",2026-08-01,2026-08-25
INV10656,CUST0026,Managed IT Support,"£2,045.20",2026-08-01,2026-08-11
INV10657,CUST0026,Cloud Hosting,"£1,451.49",2026-08-01,2026-08-12
INV10658,CUST0026,Leased Line,"£1,204.21",2026-09-01,2026-09-07
INV10659,CUST0026,Managed IT Support,"£1,882.19",2026-09-01,2026-09-23
INV10660,CUST0026,Cloud Hosting,£798.12,2026-09-01,2026-09-23
INV10661,CUST0027,Cloud Hosting,"£2,159.05",2025-10-01,2025-10-15
INV10662,CUST0027,Cloud Hosting,£814.20,2025-11-01,2025-11-14
INV10663,CUST0027,Cloud Hosting,"£2,107.17",2025-12-01,2025-12-22
INV10664,CUST0027,Cloud Hosting,"£2,171.70",2026-01-01,2026-01-27
INV10665,CUST0027,Cloud Hosting,"£1,839.60",2026-02-01,2026-02-10
INV10666,CUST0027,Cloud Hosting,"£2,127.41",2026-03-01,2026-03-19
INV10667,CUST0027,Cloud Hosting,"£2,041.60",2026-04-01,2026-04-14
INV10668,CUST0027,Cloud Hosting,"£1,940.74",2026-05-01,2026-05-10
INV10669,CUST0027,Cloud Hosting,"£1,617.78",2026-06-01,2026-06-10
INV10670,CUST0027,Cloud Hosting,£736.87,2026-07-01,2026-07-28
INV10671,CUST0027,Cloud Hosting,£878.09,2026-08-01,2026-08-13
INV10672,CUST0027,Cloud Hosting,"£1,734.87",2026-09-01,2026-09-27
INV10673,CUST0028,Managed IT Support,"£1,901.31",2025-10-01,2025-10-14
INV10674,CUST0028,Leased Line,"£1,009.20",2025-10-01,2025-10-18
INV10675,CUST0028,Managed IT Support,"£1,575.18",2025-11-01,2025-11-26
INV10676,CUST0028,Leased Line,"£1,184.33",2025-11-01,2025-11-08
INV10677,CUST0028,Managed IT Support,"£1,447.41",2025-12-01,2025-12-29
INV10678,CUST0028,Leased Line,£642.14,2025-12-01,2025-12-17
INV10679,CUST0028,Managed IT Support,"£1,582.21",2026-01-01,2026-01-21
INV10680,CUST0028,Leased Line,£693.65,2026-01-01,2026-01-06
INV10681,CUST0028,Managed IT Support,"£2,659.16",2026-02-01,2026-03-01
INV10682,CUST0028,Leased Line,£447.80,2026-02-01,2026-02-20
INV10683,CUST0028,Managed IT Support,"£2,050.59",2026-03-01,2026-03-28
INV10684,CUST0028,Leased Line,£726.13,2026-03-01,2026-03-08
INV10685,CUST0028,Managed IT Support,"£2,468.76",2026-04-01,2026-04-18
INV10686,CUST0028,Leased Line,£578.72,2026-04-01,2026-04-19
INV10687,CUST0028,Managed IT Support,"£2,544.60",2026-05-01,2026-05-21
INV10688,CUST0028,Leased Line,£631.96,2026-05-01,2026-05-15
INV10689,CUST0028,Managed IT Support,"£1,278.16",2026-06-01,2026-06-24
INV10690,CUST0028,Leased Line,£487.12,2026-06-01,2026-06-21
INV10691,CUST0028,Managed IT Support,"£2,449.59",2026-07-01,2026-07-27
INV10692,CUST0028,Leased Line,"£1,150.37",2026-07-01,2026-07-07
INV10693,CUST0028,Managed IT Support,£658.89,2026-08-01,2026-08-20
INV10694,CUST0028,Leased Line,£367.10,2026-08-01,2026-08-11
INV10695,CUST0028,Managed IT Support,"£1,547.34",2026-09-01,2026-09-06
INV10696,CUST0028,Leased Line,"£1,391.43",2026-09-01,2026-09-19
INV10697,CUST0029,Data Centre Colocation,"£2,418.81",2025-10-01,2025-10-15
INV10698,CUST0029,Data Centre Colocation,£917.95,2025-11-01,2025-11-14
INV10699,CUST0029,Data Centre Colocation,£786.68,2025-12-01,2026-01-10
INV10700,CUST0029,Data Centre Colocation,"£1,343.69",2026-01-01,2026-01-11
INV10701,CUST0029,Data Centre Colocation,£703.57,2026-02-01,2026-03-01
INV10702,CUST0029,Data Centre Colocation,"£1,998.88",2026-03-01,2026-05-16
INV10703,CUST0029,Data Centre Colocation,£782.40,2026-04-01,2026-05-19
INV10704,CUST0029,Data Centre Colocation,"£1,553.61",2026-05-01,2026-06-19
INV10705,CUST0029,Data Centre Colocation,"£1,638.89",2026-06-01,2026-07-06
INV10706,CUST0029,Data Centre Colocation,"£1,991.19",2026-07-01,2026-07-19
INV10707,CUST0029,Data Centre Colocation,"£1,988.06",2026-08-01,
INV10708,CUST0029,Data Centre Colocation,"£1,057.89",2026-09-01,
INV10709,CUST0030,Hosted VoIP,£405.61,2025-10-01,2025-10-15
INV10710,CUST0030,Hosted VoIP,£278.73,2025-11-01,2025-11-10
INV10711,CUST0030,Hosted VoIP,£641.93,2025-12-01,2025-12-27
INV10712,CUST0030,Hosted VoIP,£282.85,2026-01-01,2026-01-22
INV10713,CUST0030,Hosted VoIP,£585.57,2026-02-01,2026-02-25
INV10714,CUST0030,Hosted VoIP,£648.01,2026-03-01,2026-03-20
INV10715,CUST0030,Hosted VoIP,£432.86,2026-04-01,2026-04-12
INV10716,CUST0030,Hosted VoIP,£632.22,2026-05-01,2026-05-10
INV10717,CUST0030,Hosted VoIP,£842.32,2026-06-01,2026-06-25
INV10718,CUST0030,Hosted VoIP,£674.33,2026-07-01,2026-07-12
INV10719,CUST0030,Hosted VoIP,£242.42,2026-08-01,2026-08-09
INV10720,CUST0030,Hosted VoIP,£280.81,2026-09-01,2026-09-09
INV10721,CUST0031,Data Centre Colocation,"£2,526.50",2025-10-01,2025-10-16
INV10722,CUST0031,Managed IT Support,"£2,456.80",2025-10-01,2025-10-13
INV10723,CUST0031,Cloud Hosting,£790.09,2025-10-01,2025-10-08
INV10724,CUST0031,Data Centre Colocation,"£1,096.33",2025-11-01,2025-11-25
INV10725,CUST0031,Managed IT Support,"£1,960.02",2025-11-01,2025-11-25
INV10726,CUST0031,Cloud Hosting,£805.60,2025-11-01,2025-11-28
INV10727,CUST0031,Data Centre Colocation,£653.65,2025-12-01,2025-12-27
INV10728,CUST0031,Managed IT Support,"£2,677.15",2025-12-01,2025-12-12
INV10729,CUST0031,Cloud Hosting,"£1,259.61",2025-12-01,2025-12-22
INV10730,CUST0031,Data Centre Colocation,£977.29,2026-01-01,2026-01-18
INV10731,CUST0031,Managed IT Support,"£1,168.41",2026-01-01,2026-01-07
INV10732,CUST0031,Cloud Hosting,"£1,778.41",2026-01-01,2026-01-13
INV10733,CUST0031,Data Centre Colocation,"£1,589.78",2026-02-01,2026-02-09
INV10734,CUST0031,Managed IT Support,"£1,026.81",2026-02-01,2026-02-26
INV10735,CUST0031,Cloud Hosting,"£1,408.16",2026-02-01,2026-02-22
INV10736,CUST0031,Data Centre Colocation,"£2,377.45",2026-03-01,2026-03-06
INV10737,CUST0031,Managed IT Support,"£2,965.89",2026-03-01,2026-03-16
INV10738,CUST0031,Cloud Hosting,£507.37,2026-03-01,2026-03-24
INV10739,CUST0031,Data Centre Colocation,"£1,441.73",2026-04-01,2026-04-23
INV10740,CUST0031,Managed IT Support,"£2,175.65",2026-04-01,2026-04-21
INV10741,CUST0031,Cloud Hosting,"£2,111.18",2026-04-01,2026-04-08
INV10742,CUST0031,Data Centre Colocation,£633.38,2026-05-01,2026-05-08
INV10743,CUST0031,Managed IT Support,£435.86,2026-05-01,2026-05-12
INV10744,CUST0031,Cloud Hosting,£327.66,2026-05-01,2026-05-07
INV10745,CUST0031,Data Centre Colocation,"£2,497.36",2026-06-01,2026-06-18
INV10746,CUST0031,Managed IT Support,"£1,717.19",2026-06-01,2026-06-26
INV10747,CUST0031,Cloud Hosting,"£1,639.63",2026-06-01,2026-06-19
INV10748,CUST0031,Data Centre Colocation,"£1,447.15",2026-07-01,2026-07-18
INV10749,CUST0031,Managed IT Support,£614.31,2026-07-01,2026-07-23
INV10750,CUST0031,Cloud Hosting,"£1,298.43",2026-07-01,2026-07-10
INV10751,CUST0031,Data Centre Colocation,"£1,154.94",2026-08-01,2026-08-15
INV10752,CUST0031,Managed IT Support,£605.46,2026-08-01,2026-08-12
INV10753,CUST0031,Cloud Hosting,"£2,149.91",2026-08-01,2026-08-10
INV10754,CUST0031,Data Centre Colocation,"£1,672.78",2026-09-01,2026-09-18
INV10755,CUST0031,Managed IT Support,"£1,924.74",2026-09-01,2026-09-26
INV10756,CUST0031,Cloud Hosting,"£1,578.06",2026-09-01,2026-09-08
INV10757,CUST0032,Data Centre Colocation,"£2,059.92",2025-10-01,2025-10-13
INV10758,CUST0032,Managed IT Support,£550.56,2025-10-01,2025-10-08
INV10759,CUST0032,Data Centre Colocation,"£2,449.26",2025-11-01,2025-11-09
INV10760,CUST0032,Managed IT Support,"£1,578.77",2025-11-01,2025-11-25
INV10761,CUST0032,Data Centre Colocation,£710.06,2025-12-01,2025-12-27
INV10762,CUST0032,Managed IT Support,"£2,328.40",2025-12-01,2025-12-29
INV10763,CUST0032,Data Centre Colocation,£951.29,2026-01-01,2026-01-06
INV10764,CUST0032,Managed IT Support,"£2,240.54",2026-01-01,2026-01-28
INV10765,CUST0032,Data Centre Colocation,£622.70,2026-02-01,2026-02-21
INV10766,CUST0032,Managed IT Support,"£2,877.84",2026-02-01,2026-02-22
INV10767,CUST0032,Data Centre Colocation,"£1,634.45",2026-03-01,2026-03-29
INV10768,CUST0032,Managed IT Support,"£1,074.04",2026-03-01,2026-03-17
INV10769,CUST0032,Data Centre Colocation,£853.86,2026-04-01,2026-04-14
INV10770,CUST0032,Managed IT Support,"£2,305.63",2026-04-01,2026-04-09
INV10771,CUST0032,Data Centre Colocation,"£2,142.86",2026-05-01,2026-05-06
INV10772,CUST0032,Managed IT Support,"£1,271.03",2026-05-01,2026-05-19
INV10773,CUST0032,Data Centre Colocation,"£1,143.96",2026-06-01,2026-06-08
INV10774,CUST0032,Managed IT Support,"£1,083.67",2026-06-01,2026-06-24
INV10775,CUST0032,Data Centre Colocation,"£1,855.07",2026-07-01,2026-07-21
INV10776,CUST0032,Managed IT Support,"£1,583.51",2026-07-01,2026-07-17
INV10777,CUST0032,Data Centre Colocation,£710.88,2026-08-01,2026-08-24
INV10778,CUST0032,Managed IT Support,£833.89,2026-08-01,2026-08-11
INV10779,CUST0032,Data Centre Colocation,"£1,110.23",2026-09-01,2026-09-09
INV10780,CUST0032,Managed IT Support,"£2,725.10",2026-09-01,2026-09-27
INV10781,CUST0033,Hosted VoIP,£211.71,2025-10-01,2025-10-06
INV10782,CUST0033,Leased Line,£606.78,2025-10-01,2025-10-21
INV10783,CUST0033,Data Centre Colocation,"£1,327.95",2025-10-01,2025-10-10
INV10784,CUST0033,Hosted VoIP,£308.85,2025-11-01,2025-11-07
INV10785,CUST0033,Leased Line,£930.51,2025-11-01,2025-11-28
INV10786,CUST0033,Data Centre Colocation,"£2,081.33",2025-11-01,2025-11-19
INV10787,CUST0033,Hosted VoIP,£341.65,2025-12-01,2025-12-13
INV10788,CUST0033,Leased Line,£787.07,2025-12-01,2025-12-29
INV10789,CUST0033,Data Centre Colocation,"£1,239.87",2025-12-01,2025-12-08
INV10790,CUST0033,Hosted VoIP,£591.51,2026-01-01,2026-01-09
INV10791,CUST0033,Leased Line,£877.14,2026-01-01,2026-01-07
INV10792,CUST0033,Data Centre Colocation,£958.69,2026-01-01,2026-01-22
INV10793,CUST0033,Hosted VoIP,£886.62,2026-02-01,2026-02-18
INV10794,CUST0033,Leased Line,£422.37,2026-02-01,2026-02-20
INV10795,CUST0033,Data Centre Colocation,"£2,332.06",2026-02-01,2026-02-15
INV10796,CUST0033,Hosted VoIP,£415.66,2026-03-01,2026-03-23
INV10797,CUST0033,Leased Line,£829.58,2026-03-01,2026-03-17
INV10798,CUST0033,Data Centre Colocation,"£1,001.34",2026-03-01,2026-03-24
INV10799,CUST0033,Hosted VoIP,£744.85,2026-04-01,2026-04-29
INV10800,CUST0033,Leased Line,"£1,003.85",2026-04-01,2026-04-20
INV10801,CUST0033,Data Centre Colocation,"£1,336.55",2026-04-01,2026-04-21
INV10802,CUST0033,Hosted VoIP,£898.41,2026-05-01,2026-05-12
INV10803,CUST0033,Leased Line,"£1,119.09",2026-05-01,2026-05-23
INV10804,CUST0033,Data Centre Colocation,"£2,120.96",2026-05-01,2026-05-13
INV10805,CUST0033,Hosted VoIP,£288.41,2026-06-01,2026-06-19
INV10806,CUST0033,Leased Line,£375.11,2026-06-01,2026-06-23
INV10807,CUST0033,Data Centre Colocation,"£1,292.85",2026-06-01,2026-06-28
INV10808,CUST0033,Hosted VoIP,£811.58,2026-07-01,2026-07-16
INV10809,CUST0033,Leased Line,£351.54,2026-07-01,2026-07-27
INV10810,CUST0033,Data Centre Colocation,"£1,352.55",2026-07-01,2026-07-29
INV10811,CUST0033,Hosted VoIP,£703.59,2026-08-01,2026-08-09
INV10812,CUST0033,Leased Line,£565.45,2026-08-01,2026-08-13
INV10813,CUST0033,Data Centre Colocation,"£1,439.63",2026-08-01,2026-08-07
INV10814,CUST0033,Hosted VoIP,£880.24,2026-09-01,2026-09-10
INV10815,CUST0033,Leased Line,"£1,097.24",2026-09-01,2026-09-08
INV10816,CUST0033,Data Centre Colocation,£687.80,2026-09-01,2026-09-13
INV10817,CUST0034,Managed IT Support,"£2,933.84",2025-10-01,2025-10-08
INV10818,CUST0034,Cloud Hosting,"£1,382.50",2025-10-01,2025-10-22
INV10819,CUST0034,Data Centre Colocation,£867.03,2025-10-01,2025-10-18
INV10820,CUST0034,Managed IT Support,£594.56,2025-11-01,2025-11-24
INV10821,CUST0034,Cloud Hosting,£371.45,2025-11-01,2025-11-27
INV10822,CUST0034,Data Centre Colocation,"£2,528.44",2025-11-01,2025-11-13
INV10823,CUST0034,Managed IT Support,"£1,158.36",2025-12-01,2025-12-16
INV10824,CUST0034,Cloud Hosting,"£2,055.78",2025-12-01,2025-12-18
INV10825,CUST0034,Data Centre Colocation,"£2,001.45",2025-12-01,2025-12-29
INV10826,CUST0034,Managed IT Support,"£1,248.25",2026-01-01,2026-01-20
INV10827,CUST0034,Cloud Hosting,£780.31,2026-01-01,2026-01-08
INV10828,CUST0034,Data Centre Colocation,"£2,487.11",2026-01-01,2026-01-10
INV10829,CUST0034,Managed IT Support,"£2,427.84",2026-02-01,2026-02-24
INV10830,CUST0034,Cloud Hosting,£462.50,2026-02-01,2026-02-09
INV10831,CUST0034,Data Centre Colocation,£928.75,2026-02-01,2026-02-20
INV10832,CUST0034,Managed IT Support,"£1,216.49",2026-03-01,2026-03-09
INV10833,CUST0034,Cloud Hosting,"£1,295.05",2026-03-01,2026-03-12
INV10834,CUST0034,Data Centre Colocation,"£1,503.83",2026-03-01,2026-03-20
INV10835,CUST0034,Managed IT Support,"£1,089.02",2026-04-01,2026-04-09
INV10836,CUST0034,Cloud Hosting,£426.32,2026-04-01,2026-04-27
INV10837,CUST0034,Data Centre Colocation,"£1,208.43",2026-04-01,2026-04-28
INV10838,CUST0034,Managed IT Support,"£2,211.88",2026-05-01,2026-05-07
INV10839,CUST0034,Cloud Hosting,£669.29,2026-05-01,2026-05-16
INV10840,CUST0034,Data Centre Colocation,£896.65,2026-05-01,2026-05-28
INV10841,CUST0034,Managed IT Support,"£1,045.37",2026-06-01,2026-06-17
INV10842,CUST0034,Cloud Hosting,"£1,022.68",2026-06-01,2026-06-07
INV10843,CUST0034,Data Centre Colocation,"£1,954.37",2026-06-01,2026-06-14
INV10844,CUST0034,Managed IT Support,"£2,532.23",2026-07-01,2026-07-11
INV10845,CUST0034,Cloud Hosting,£310.61,2026-07-01,2026-07-18
INV10846,CUST0034,Data Centre Colocation,"£2,309.20",2026-07-01,2026-07-23
INV10847,CUST0034,Managed IT Support,"£2,345.00",2026-08-01,2026-08-13
INV10848,CUST0034,Cloud Hosting,£434.71,2026-08-01,2026-08-09
INV10849,CUST0034,Data Centre Colocation,"£2,207.79",2026-08-01,2026-08-10
INV10850,CUST0034,Managed IT Support,£715.78,2026-09-01,2026-09-07
INV10851,CUST0034,Cloud Hosting,"£1,869.23",2026-09-01,2026-09-13
INV10852,CUST0034,Data Centre Colocation,£861.43,2026-09-01,2026-09-18
INV10853,CUST0035,Data Centre Colocation,"£1,764.65",2025-10-01,2025-10-14
INV10854,CUST0035,Hosted VoIP,£840.55,2025-10-01,2025-10-08
INV10855,CUST0035,Data Centre Colocation,£643.60,2025-11-01,2025-11-08
INV10856,CUST0035,Hosted VoIP,£322.38,2025-11-01,2025-11-26
INV10857,CUST0035,Data Centre Colocation,"£1,486.86",2025-12-01,2025-12-10
INV10858,CUST0035,Hosted VoIP,£246.22,2025-12-01,2025-12-16
INV10859,CUST0035,Data Centre Colocation,£845.06,2026-01-01,2026-01-20
INV10860,CUST0035,Hosted VoIP,£216.46,2026-01-01,2026-01-24
INV10861,CUST0035,Data Centre Colocation,"£1,466.31",2026-02-01,2026-03-01
INV10862,CUST0035,Hosted VoIP,£464.40,2026-02-01,2026-02-06
INV10863,CUST0035,Data Centre Colocation,"£1,365.46",2026-03-01,2026-03-19
INV10864,CUST0035,Hosted VoIP,£304.42,2026-03-01,2026-03-12
INV10865,CUST0035,Data Centre Colocation,"£2,416.61",2026-04-01,2026-04-14
INV10866,CUST0035,Hosted VoIP,£381.50,2026-04-01,2026-04-10
INV10867,CUST0035,Data Centre Colocation,£669.30,2026-05-01,2026-05-25
INV10868,CUST0035,Hosted VoIP,£624.22,2026-05-01,2026-05-26
INV10869,CUST0035,Data Centre Colocation,"£1,190.21",2026-06-01,2026-06-19
INV10870,CUST0035,Hosted VoIP,£815.60,2026-06-01,2026-06-21
INV10871,CUST0035,Data Centre Colocation,£721.96,2026-07-01,2026-07-14
INV10872,CUST0035,Hosted VoIP,£455.77,2026-07-01,2026-07-19
INV10873,CUST0035,Data Centre Colocation,£998.92,2026-08-01,2026-08-22
INV10874,CUST0035,Hosted VoIP,£359.39,2026-08-01,2026-08-23
INV10875,CUST0035,Data Centre Colocation,"£2,189.69",2026-09-01,2026-09-18
INV10876,CUST0035,Hosted VoIP,£742.98,2026-09-01,2026-09-17
INV10877,CUST0036,Microsoft 365 Licences,£334.26,2025-10-01,2025-10-16
INV10878,CUST0036,Managed IT Support,"£1,409.79",2025-10-01,2025-11-25
INV10879,CUST0036,Microsoft 365 Licences,£513.95,2025-11-01,2026-01-26
INV10880,CUST0036,Managed IT Support,"£2,424.20",2025-11-01,2026-01-05
INV10881,CUST0036,Microsoft 365 Licences,£465.90,2025-12-01,2025-12-13
INV10882,CUST0036,Managed IT Support,"£2,932.35",2025-12-01,2026-02-16
INV10883,CUST0036,Microsoft 365 Licences,£261.22,2026-01-01,2026-01-29
INV10884,CUST0036,Managed IT Support,£545.36,2026-01-01,2026-01-13
INV10885,CUST0036,Microsoft 365 Licences,£498.74,2026-02-01,2026-02-18
INV10886,CUST0036,Managed IT Support,"£1,322.49",2026-02-01,2026-02-11
INV10887,CUST0036,Microsoft 365 Licences,£215.03,2026-03-01,2026-03-29
INV10888,CUST0036,Managed IT Support,"£2,213.83",2026-03-01,2026-03-06
INV10889,CUST0036,Microsoft 365 Licences,£589.45,2026-04-01,2026-06-11
INV10890,CUST0036,Managed IT Support,"£1,865.38",2026-04-01,2026-04-12
INV10891,CUST0036,Microsoft 365 Licences,£684.05,2026-05-01,2026-05-21
INV10892,CUST0036,Managed IT Support,"£1,809.52",2026-05-01,2026-06-07
INV10893,CUST0036,Microsoft 365 Licences,£154.08,2026-06-01,2026-07-20
INV10894,CUST0036,Managed IT Support,£451.81,2026-06-01,2026-07-27
INV10895,CUST0036,Microsoft 365 Licences,£741.71,2026-07-01,2026-08-13
INV10896,CUST0036,Managed IT Support,"£1,285.97",2026-07-01,2026-09-25
INV10897,CUST0036,Microsoft 365 Licences,£689.44,2026-08-01,
INV10898,CUST0036,Managed IT Support,£456.97,2026-08-01,2026-08-10
INV10899,CUST0036,Microsoft 365 Licences,£639.80,2026-09-01,2026-09-17
INV10900,CUST0036,Managed IT Support,"£2,897.45",2026-09-01,
INV10901,CUST0037,Managed IT Support,"£1,275.06",2025-10-01,2025-10-16
INV10902,CUST0037,Microsoft 365 Licences,£186.88,2025-10-01,2025-10-11
INV10903,CUST0037,Hosted VoIP,£707.29,2025-10-01,2025-10-19
INV10904,CUST0037,Managed IT Support,"£2,458.79",2025-11-01,2025-11-21
INV10905,CUST0037,Microsoft 365 Licences,£550.92,2025-11-01,2025-11-11
INV10906,CUST0037,Hosted VoIP,£689.17,2025-11-01,2025-11-23
INV10907,CUST0037,Managed IT Support,"£2,203.26",2025-12-01,2025-12-25
INV10908,CUST0037,Microsoft 365 Licences,£648.76,2025-12-01,2025-12-13
INV10909,CUST0037,Hosted VoIP,£659.18,2025-12-01,2025-12-11
INV10910,CUST0037,Managed IT Support,"£1,383.80",2026-01-01,2026-01-29
INV10911,CUST0037,Microsoft 365 Licences,£578.83,2026-01-01,2026-01-10
INV10912,CUST0037,Hosted VoIP,£307.95,2026-01-01,2026-01-06
INV10913,CUST0037,Managed IT Support,"£2,866.85",2026-02-01,2026-02-24
INV10914,CUST0037,Microsoft 365 Licences,£368.04,2026-02-01,2026-02-24
INV10915,CUST0037,Hosted VoIP,£203.32,2026-02-01,2026-02-25
INV10916,CUST0037,Managed IT Support,"£1,227.36",2026-03-01,2026-03-25
INV10917,CUST0037,Microsoft 365 Licences,£246.84,2026-03-01,2026-03-24
INV10918,CUST0037,Hosted VoIP,£254.96,2026-03-01,2026-03-21
INV10919,CUST0037,Managed IT Support,£765.67,2026-04-01,2026-04-29
INV10920,CUST0037,Microsoft 365 Licences,£145.24,2026-04-01,2026-04-17
INV10921,CUST0037,Hosted VoIP,£887.31,2026-04-01,2026-04-11
INV10922,CUST0037,Managed IT Support,"£2,054.09",2026-05-01,2026-05-08
INV10923,CUST0037,Microsoft 365 Licences,£673.38,2026-05-01,2026-05-27
INV10924,CUST0037,Hosted VoIP,£640.15,2026-05-01,2026-05-16
INV10925,CUST0037,Managed IT Support,"£1,561.24",2026-06-01,2026-06-14
INV10926,CUST0037,Microsoft 365 Licences,£238.88,2026-06-01,2026-06-28
INV10927,CUST0037,Hosted VoIP,£228.81,2026-06-01,2026-06-14
INV10928,CUST0037,Managed IT Support,"£2,446.25",2026-07-01,2026-07-29
INV10929,CUST0037,Microsoft 365 Licences,£90.91,2026-07-01,2026-07-18
INV10930,CUST0037,Hosted VoIP,£495.52,2026-07-01,2026-07-19
INV10931,CUST0037,Managed IT Support,"£2,919.66",2026-08-01,2026-08-19
INV10932,CUST0037,Microsoft 365 Licences,£440.09,2026-08-01,2026-08-18
INV10933,CUST0037,Hosted VoIP,£432.89,2026-08-01,2026-08-18
INV10934,CUST0037,Managed IT Support,£663.71,2026-09-01,2026-09-21
INV10935,CUST0037,Microsoft 365 Licences,£650.00,2026-09-01,2026-09-24
INV10936,CUST0037,Hosted VoIP,£648.70,2026-09-01,2026-09-27
INV10937,CUST0038,Leased Line,£823.85,2025-10-01,2025-10-07
INV10938,CUST0038,Leased Line,£659.65,2025-11-01,2025-11-16
INV10939,CUST0038,Leased Line,£624.18,2025-12-01,2025-12-09
INV10940,CUST0038,Leased Line,£427.91,2026-01-01,2026-01-11
INV10941,CUST0038,Leased Line,"£1,282.33",2026-02-01,2026-02-11
INV10942,CUST0038,Leased Line,"£1,118.58",2026-03-01,2026-03-23
INV10943,CUST0038,Leased Line,"£1,338.93",2026-04-01,2026-04-08
INV10944,CUST0038,Leased Line,£704.85,2026-05-01,2026-05-25
INV10945,CUST0038,Leased Line,"£1,287.89",2026-06-01,2026-06-28
INV10946,CUST0038,Leased Line,£382.54,2026-07-01,2026-07-26
INV10947,CUST0038,Leased Line,£523.25,2026-08-01,2026-08-19
INV10948,CUST0038,Leased Line,£514.96,2026-09-01,2026-09-09
INV10949,CUST0039,Leased Line,£779.74,2025-10-01,2025-10-23
INV10950,CUST0039,Data Centre Colocation,"£2,044.08",2025-10-01,2025-10-29
INV10951,CUST0039,Leased Line,£917.13,2025-11-01,2025-11-27
INV10952,CUST0039,Data Centre Colocation,"£1,163.05",2025-11-01,2025-11-13
INV10953,CUST0039,Leased Line,£450.71,2025-12-01,2025-12-18
INV10954,CUST0039,Data Centre Colocation,"£1,743.54",2025-12-01,2025-12-21
INV10955,CUST0039,Leased Line,£511.27,2026-01-01,2026-01-17
INV10956,CUST0039,Data Centre Colocation,£607.63,2026-01-01,2026-01-08
INV10957,CUST0039,Leased Line,£659.28,2026-02-01,2026-02-27
INV10958,CUST0039,Data Centre Colocation,"£1,850.18",2026-02-01,2026-02-21
INV10959,CUST0039,Leased Line,£559.66,2026-03-01,2026-03-06
INV10960,CUST0039,Data Centre Colocation,"£1,013.91",2026-03-01,2026-03-26
INV10961,CUST0039,Leased Line,£656.40,2026-04-01,2026-04-08
INV10962,CUST0039,Data Centre Colocation,"£1,547.14",2026-04-01,2026-04-09
INV10963,CUST0039,Leased Line,£673.77,2026-05-01,2026-05-18
INV10964,CUST0039,Data Centre Colocation,"£1,541.89",2026-05-01,2026-05-27
INV10965,CUST0039,Leased Line,£628.25,2026-06-01,2026-06-26
INV10966,CUST0039,Data Centre Colocation,"£1,688.25",2026-06-01,2026-06-11
INV10967,CUST0039,Leased Line,£739.57,2026-07-01,2026-07-18
INV10968,CUST0039,Data Centre Colocation,"£1,338.80",2026-07-01,2026-07-20
INV10969,CUST0039,Leased Line,£396.85,2026-08-01,2026-08-20
INV10970,CUST0039,Data Centre Colocation,"£1,530.12",2026-08-01,2026-08-13
INV10971,CUST0039,Leased Line,"£1,228.93",2026-09-01,2026-09-24
INV10972,CUST0039,Data Centre Colocation,£723.28,2026-09-01,2026-09-28
INV10973,CUST0040,Hosted VoIP,£761.89,2025-10-01,2025-12-23
INV10974,CUST0040,Data Centre Colocation,"£1,779.45",2025-10-01,2025-10-18
INV10975,CUST0040,Cloud Hosting,"£1,845.89",2025-10-01,2025-12-09
INV10976,CUST0040,Hosted VoIP,£674.69,2025-11-01,2025-11-24
INV10977,CUST0040,Data Centre Colocation,"£2,363.31",2025-11-01,2025-12-11
INV10978,CUST0040,Cloud Hosting,"£1,019.87",2025-11-01,2025-11-07
INV10979,CUST0040,Hosted VoIP,£541.51,2025-12-01,2025-12-24
INV10980,CUST0040,Data Centre Colocation,"£1,955.07",2025-12-01,2025-12-09
INV10981,CUST0040,Cloud Hosting,"£2,101.05",2025-12-01,2026-01-15
INV10982,CUST0040,Hosted VoIP,£879.96,2026-01-01,2026-01-10
INV10983,CUST0040,Data Centre Colocation,£685.35,2026-01-01,2026-03-20
INV10984,CUST0040,Cloud Hosting,"£1,099.02",2026-01-01,2026-01-26
INV10985,CUST0040,Hosted VoIP,£286.47,2026-02-01,2026-02-16
INV10986,CUST0040,Data Centre Colocation,"£2,421.61",2026-02-01,2026-02-08
INV10987,CUST0040,Cloud Hosting,£419.70,2026-02-01,2026-02-23
INV10988,CUST0040,Hosted VoIP,£414.81,2026-03-01,2026-05-04
INV10989,CUST0040,Data Centre Colocation,"£2,434.32",2026-03-01,2026-05-19
INV10990,CUST0040,Cloud Hosting,"£1,464.96",2026-03-01,2026-03-19
INV10991,CUST0040,Hosted VoIP,£261.01,2026-04-01,2026-06-11
INV10992,CUST0040,Data Centre Colocation,"£1,775.87",2026-04-01,2026-04-09
INV10993,CUST0040,Cloud Hosting,"£2,053.61",2026-04-01,2026-04-09
INV10994,CUST0040,Hosted VoIP,£745.74,2026-05-01,2026-05-17
INV10995,CUST0040,Data Centre Colocation,"£2,355.79",2026-05-01,2026-07-16
INV10996,CUST0040,Cloud Hosting,"£1,196.89",2026-05-01,2026-05-07
INV10997,CUST0040,Hosted VoIP,£303.98,2026-06-01,2026-08-14
INV10998,CUST0040,Data Centre Colocation,"£1,817.31",2026-06-01,2026-06-07
INV10999,CUST0040,Cloud Hosting,"£1,021.80",2026-06-01,2026-06-28
INV11000,CUST0040,Hosted VoIP,£351.06,2026-07-01,2026-07-14
INV11001,CUST0040,Data Centre Colocation,"£2,394.06",2026-07-01,2026-09-26
INV11002,CUST0040,Cloud Hosting,"£1,797.62",2026-07-01,2026-09-27
INV11003,CUST0040,Hosted VoIP,£533.97,2026-08-01,2026-08-09
INV11004,CUST0040,Data Centre Colocation,"£2,544.99",2026-08-01,
INV11005,CUST0040,Cloud Hosting,£835.94,2026-08-01,2026-08-16
INV11006,CUST0040,Hosted VoIP,£373.98,2026-09-01,
INV11007,CUST0040,Data Centre Colocation,"£1,891.11",2026-09-01,
INV11008,CUST0040,Cloud Hosting,£662.21,2026-09-01,2026-09-29
INV11009,CUST0041,Microsoft 365 Licences,£672.92,2025-10-01,2025-10-22
INV11010,CUST0041,Cloud Hosting,"£1,793.41",2025-10-01,2025-10-08
INV11011,CUST0041,Microsoft 365 Licences,£310.90,2025-11-01,2025-11-22
INV11012,CUST0041,Cloud Hosting,"£1,036.60",2025-11-01,2025-11-22
INV11013,CUST0041,Microsoft 365 Licences,£714.33,2025-12-01,2025-12-06
INV11014,CUST0041,Cloud Hosting,£588.79,2025-12-01,2025-12-12
INV11015,CUST0041,Microsoft 365 Licences,£684.25,2026-01-01,2026-01-13
INV11016,CUST0041,Cloud Hosting,£314.49,2026-01-01,2026-01-07
INV11017,CUST0041,Microsoft 365 Licences,£741.80,2026-02-01,2026-02-28
INV11018,CUST0041,Cloud Hosting,£638.26,2026-02-01,2026-02-17
INV11019,CUST0041,Microsoft 365 Licences,£674.69,2026-03-01,2026-03-22
INV11020,CUST0041,Cloud Hosting,"£1,024.04",2026-03-01,2026-03-09
INV11021,CUST0041,Microsoft 365 Licences,£573.63,2026-04-01,2026-04-13
INV11022,CUST0041,Cloud Hosting,£976.31,2026-04-01,2026-04-25
INV11023,CUST0041,Microsoft 365 Licences,£406.73,2026-05-01,2026-05-21
INV11024,CUST0041,Cloud Hosting,"£1,394.42",2026-05-01,2026-05-17
INV11025,CUST0041,Microsoft 365 Licences,£334.42,2026-06-01,2026-06-14
INV11026,CUST0041,Cloud Hosting,"£1,710.47",2026-06-01,2026-06-28
INV11027,CUST0041,Microsoft 365 Licences,£154.18,2026-07-01,2026-07-06
INV11028,CUST0041,Cloud Hosting,"£1,003.80",2026-07-01,2026-07-11
INV11029,CUST0041,Microsoft 365 Licences,£696.21,2026-08-01,2026-08-12
INV11030,CUST0041,Cloud Hosting,"£1,921.37",2026-08-01,2026-08-26
INV11031,CUST0041,Microsoft 365 Licences,£249.83,2026-09-01,2026-09-12
INV11032,CUST0041,Cloud Hosting,£774.71,2026-09-01,2026-09-19
INV11033,CUST0042,Hosted VoIP,£836.29,2025-10-01,2025-10-26
INV11034,CUST0042,Data Centre Colocation,£946.40,2025-10-01,2025-10-06
INV11035,CUST0042,Managed IT Support,£981.80,2025-10-01,2025-10-25
INV11036,CUST0042,Hosted VoIP,£759.66,2025-11-01,2025-11-15
INV11037,CUST0042,Data Centre Colocation,"£2,025.48",2025-11-01,2025-11-28
INV11038,CUST0042,Managed IT Support,"£2,071.12",2025-11-01,2025-11-19
INV11039,CUST0042,Hosted VoIP,£824.75,2025-12-01,2025-12-17
INV11040,CUST0042,Data Centre Colocation,"£1,518.00",2025-12-01,2025-12-12
INV11041,CUST0042,Managed IT Support,"£1,613.41",2025-12-01,2025-12-27
INV11042,CUST0042,Hosted VoIP,£554.86,2026-01-01,2026-01-25
INV11043,CUST0042,Data Centre Colocation,"£1,394.31",2026-01-01,2026-01-09
INV11044,CUST0042,Managed IT Support,£419.10,2026-01-01,2026-01-27
INV11045,CUST0042,Hosted VoIP,£875.87,2026-02-01,2026-02-17
INV11046,CUST0042,Data Centre Colocation,"£1,722.91",2026-02-01,2026-02-25
INV11047,CUST0042,Managed IT Support,"£1,983.53",2026-02-01,2026-02-15
INV11048,CUST0042,Hosted VoIP,£672.78,2026-03-01,2026-03-21
INV11049,CUST0042,Data Centre Colocation,£727.67,2026-03-01,2026-03-14
INV11050,CUST0042,Managed IT Support,"£2,065.55",2026-03-01,2026-03-14
INV11051,CUST0042,Hosted VoIP,£368.03,2026-04-01,2026-04-28
INV11052,CUST0042,Data Centre Colocation,"£2,504.38",2026-04-01,2026-04-26
INV11053,CUST0042,Managed IT Support,"£1,176.86",2026-04-01,2026-04-10
INV11054,CUST0042,Hosted VoIP,£552.45,2026-05-01,2026-05-13
INV11055,CUST0042,Data Centre Colocation,"£2,399.37",2026-05-01,2026-05-25
INV11056,CUST0042,Managed IT Support,"£1,450.66",2026-05-01,2026-05-16
INV11057,CUST0042,Hosted VoIP,£670.14,2026-06-01,2026-06-29
INV11058,CUST0042,Data Centre Colocation,£650.91,2026-06-01,2026-06-21
INV11059,CUST0042,Managed IT Support,"£2,993.42",2026-06-01,2026-06-14
INV11060,CUST0042,Hosted VoIP,£832.98,2026-07-01,2026-07-18
INV11061,CUST0042,Data Centre Colocation,"£1,376.55",2026-07-01,2026-07-07
INV11062,CUST0042,Managed IT Support,"£1,915.86",2026-07-01,2026-07-24
INV11063,CUST0042,Hosted VoIP,£767.53,2026-08-01,2026-08-16
INV11064,CUST0042,Data Centre Colocation,"£2,053.10",2026-08-01,2026-08-13
INV11065,CUST0042,Managed IT Support,"£2,184.43",2026-08-01,2026-08-26
INV11066,CUST0042,Hosted VoIP,£745.13,2026-09-01,2026-09-27
INV11067,CUST0042,Data Centre Colocation,"£1,316.99",2026-09-01,2026-09-15
INV11068,CUST0042,Managed IT Support,"£2,598.09",2026-09-01,2026-09-27
INV11069,CUST0043,Leased Line,£844.32,2025-10-01,2025-10-29
INV11070,CUST0043,Cloud Hosting,£754.37,2025-10-01,2025-10-23
INV11071,CUST0043,Hosted VoIP,£729.30,2025-10-01,2025-10-11
INV11072,CUST0043,Leased Line,"£1,344.27",2025-11-01,2025-11-16
INV11073,CUST0043,Cloud Hosting,"£1,526.15",2025-11-01,2025-11-13
INV11074,CUST0043,Hosted VoIP,£435.80,2025-11-01,2025-11-29
INV11075,CUST0043,Leased Line,"£1,265.00",2025-12-01,2025-12-19
INV11076,CUST0043,Cloud Hosting,"£1,786.78",2025-12-01,2025-12-16
INV11077,CUST0043,Hosted VoIP,£447.61,2025-12-01,2025-12-24
INV11078,CUST0043,Leased Line,£658.75,2026-01-01,2026-01-09
INV11079,CUST0043,Cloud Hosting,"£1,167.55",2026-01-01,2026-01-26
INV11080,CUST0043,Hosted VoIP,£600.17,2026-01-01,2026-01-25
INV11081,CUST0043,Leased Line,£424.78,2026-02-01,2026-02-12
INV11082,CUST0043,Cloud Hosting,"£1,225.93",2026-02-01,2026-02-27
INV11083,CUST0043,Hosted VoIP,£454.80,2026-02-01,2026-02-15
INV11084,CUST0043,Leased Line,£783.76,2026-03-01,2026-03-10
INV11085,CUST0043,Cloud Hosting,£517.86,2026-03-01,2026-03-12
INV11086,CUST0043,Hosted VoIP,£426.72,2026-03-01,2026-03-24
INV11087,CUST0043,Leased Line,"£1,287.49",2026-04-01,2026-04-20
INV11088,CUST0043,Cloud Hosting,£529.29,2026-04-01,2026-04-28
INV11089,CUST0043,Hosted VoIP,£309.86,2026-04-01,2026-04-08
INV11090,CUST0043,Leased Line,£861.96,2026-05-01,2026-05-26
INV11091,CUST0043,Cloud Hosting,"£2,173.95",2026-05-01,2026-05-16
INV11092,CUST0043,Hosted VoIP,£636.84,2026-05-01,2026-05-06
INV11093,CUST0043,Leased Line,£824.66,2026-06-01,2026-06-12
INV11094,CUST0043,Cloud Hosting,"£1,734.33",2026-06-01,2026-06-11
INV11095,CUST0043,Hosted VoIP,£594.92,2026-06-01,2026-06-11
INV11096,CUST0043,Leased Line,£864.06,2026-07-01,2026-07-08
INV11097,CUST0043,Cloud Hosting,£502.34,2026-07-01,2026-07-19
INV11098,CUST0043,Hosted VoIP,£636.11,2026-07-01,2026-07-18
INV11099,CUST0043,Leased Line,£800.48,2026-08-01,2026-08-21
INV11100,CUST0043,Cloud Hosting,£997.47,2026-08-01,2026-08-07
INV11101,CUST0043,Hosted VoIP,£564.32,2026-08-01,2026-08-29
INV11102,CUST0043,Leased Line,£741.76,2026-09-01,2026-09-06
INV11103,CUST0043,Cloud Hosting,"£1,989.41",2026-09-01,2026-09-22
INV11104,CUST0043,Hosted VoIP,£317.22,2026-09-01,2026-09-27
INV11105,CUST0044,Data Centre Colocation,"£2,067.21",2025-10-01,2025-10-13
INV11106,CUST0044,Data Centre Colocation,"£1,987.05",2025-11-01,2025-11-17
INV11107,CUST0044,Data Centre Colocation,"£1,224.18",2025-12-01,2025-12-09
INV11108,CUST0044,Data Centre Colocation,"£1,367.10",2026-01-01,2026-01-24
INV11109,CUST0044,Data Centre Colocation,"£1,212.23",2026-02-01,2026-02-08
INV11110,CUST0044,Data Centre Colocation,"£2,247.69",2026-03-01,2026-03-15
INV11111,CUST0044,Data Centre Colocation,"£2,496.93",2026-04-01,2026-04-20
INV11112,CUST0044,Data Centre Colocation,"£2,055.66",2026-05-01,2026-05-25
INV11113,CUST0044,Data Centre Colocation,"£1,648.24",2026-06-01,2026-06-19
INV11114,CUST0044,Data Centre Colocation,"£2,375.95",2026-07-01,2026-07-10
INV11115,CUST0044,Data Centre Colocation,"£1,285.47",2026-08-01,2026-08-21
INV11116,CUST0044,Data Centre Colocation,"£1,318.50",2026-09-01,2026-09-12
INV11117,CUST0045,Managed IT Support,£449.72,2025-10-01,2025-11-13
INV11118,CUST0045,Managed IT Support,£949.09,2025-11-01,2026-01-07
INV11119,CUST0045,Managed IT Support,£839.36,2025-12-01,2026-02-15
INV11120,CUST0045,Managed IT Support,"£2,459.53",2026-01-01,2026-03-17
INV11121,CUST0045,Managed IT Support,"£1,065.05",2026-02-01,2026-02-07
INV11122,CUST0045,Managed IT Support,"£1,944.20",2026-03-01,2026-04-11
INV11123,CUST0045,Managed IT Support,"£2,099.28",2026-04-01,2026-06-19
INV11124,CUST0045,Managed IT Support,£701.05,2026-05-01,2026-06-12
INV11125,CUST0045,Managed IT Support,"£1,822.93",2026-06-01,2026-07-15
INV11126,CUST0045,Managed IT Support,£934.29,2026-07-01,2026-07-06
INV11127,CUST0045,Managed IT Support,"£1,182.90",2026-08-01,2026-08-27
INV11128,CUST0045,Managed IT Support,"£1,752.80",2026-09-01,2026-09-28
INV11129,CUST0046,Managed IT Support,"£2,559.70",2025-10-01,2025-12-21
INV11130,CUST0046,Managed IT Support,"£2,006.01",2025-11-01,2026-01-25
INV11131,CUST0046,Managed IT Support,£676.29,2025-12-01,2026-01-17
INV11132,CUST0046,Managed IT Support,"£2,422.69",2026-01-01,2026-01-12
INV11133,CUST0046,Managed IT Support,"£1,330.60",2026-02-01,2026-03-18
INV11134,CUST0046,Managed IT Support,£502.45,2026-03-01,2026-04-18
INV11135,CUST0046,Managed IT Support,"£2,189.33",2026-04-01,2026-05-21
INV11136,CUST0046,Managed IT Support,£407.12,2026-05-01,2026-05-09
INV11137,CUST0046,Managed IT Support,"£2,571.60",2026-06-01,2026-06-10
INV11138,CUST0046,Managed IT Support,"£2,868.56",2026-07-01,2026-07-08
INV11139,CUST0046,Managed IT Support,"£2,281.27",2026-08-01,
INV11140,CUST0046,Managed IT Support,"£1,065.32",2026-09-01,
INV11141,CUST0047,Cloud Hosting,£347.66,2025-10-01,2025-10-11
INV11142,CUST0047,Managed IT Support,"£2,672.77",2025-10-01,2025-10-15
INV11143,CUST0047,Cloud Hosting,£952.42,2025-11-01,2025-11-27
INV11144,CUST0047,Managed IT Support,"£1,213.04",2025-11-01,2025-11-29
INV11145,CUST0047,Cloud Hosting,£476.01,2025-12-01,2025-12-07
INV11146,CUST0047,Managed IT Support,£425.15,2025-12-01,2025-12-10
INV11147,CUST0047,Cloud Hosting,"£1,543.54",2026-01-01,2026-01-11
INV11148,CUST0047,Managed IT Support,"£1,254.52",2026-01-01,2026-01-20
INV11149,CUST0047,Cloud Hosting,"£2,112.42",2026-02-01,2026-02-14
INV11150,CUST0047,Managed IT Support,"£2,684.04",2026-02-01,2026-02-08
INV11151,CUST0047,Cloud Hosting,£976.61,2026-03-01,2026-03-16
INV11152,CUST0047,Managed IT Support,£875.46,2026-03-01,2026-03-18
INV11153,CUST0047,Cloud Hosting,"£1,030.49",2026-04-01,2026-04-20
INV11154,CUST0047,Managed IT Support,"£1,106.77",2026-04-01,2026-04-18
INV11155,CUST0047,Cloud Hosting,"£1,595.31",2026-05-01,2026-05-21
INV11156,CUST0047,Managed IT Support,"£2,479.74",2026-05-01,2026-05-26
INV11157,CUST0047,Cloud Hosting,"£1,977.94",2026-06-01,2026-06-11
INV11158,CUST0047,Managed IT Support,£693.95,2026-06-01,2026-06-28
INV11159,CUST0047,Cloud Hosting,"£1,666.50",2026-07-01,2026-07-11
INV11160,CUST0047,Managed IT Support,£669.65,2026-07-01,2026-07-24
INV11161,CUST0047,Cloud Hosting,"£1,191.22",2026-08-01,2026-08-24
INV11162,CUST0047,Managed IT Support,"£2,163.82",2026-08-01,2026-08-11
INV11163,CUST0047,Cloud Hosting,"£1,442.08",2026-09-01,2026-09-17
INV11164,CUST0047,Managed IT Support,"£1,989.53",2026-09-01,2026-09-27
INV11165,CUST0048,Leased Line,£468.58,2025-10-01,2025-10-19
INV11166,CUST0048,Managed IT Support,"£1,545.79",2025-10-01,2025-10-08
INV11167,CUST0048,Microsoft 365 Licences,£275.75,2025-10-01,2025-10-16
INV11168,CUST0048,Leased Line,£362.98,2025-11-01,2025-11-27
INV11169,CUST0048,Managed IT Support,"£1,764.53",2025-11-01,2025-11-29
INV11170,CUST0048,Microsoft 365 Licences,£499.42,2025-11-01,2025-11-24
INV11171,CUST0048,Leased Line,£585.18,2025-12-01,2025-12-27
INV11172,CUST0048,Managed IT Support,"£2,670.17",2025-12-01,2025-12-22
INV11173,CUST0048,Microsoft 365 Licences,£461.40,2025-12-01,2025-12-28
INV11174,CUST0048,Leased Line,£999.15,2026-01-01,2026-01-19
INV11175,CUST0048,Managed IT Support,"£2,120.45",2026-01-01,2026-01-13
INV11176,CUST0048,Microsoft 365 Licences,£432.17,2026-01-01,2026-01-27
INV11177,CUST0048,Leased Line,"£1,060.11",2026-02-01,2026-02-18
INV11178,CUST0048,Managed IT Support,£786.50,2026-02-01,2026-02-23
INV11179,CUST0048,Microsoft 365 Licences,£723.36,2026-02-01,2026-02-25
INV11180,CUST0048,Leased Line,£407.29,2026-03-01,2026-03-26
INV11181,CUST0048,Managed IT Support,"£2,829.37",2026-03-01,2026-03-22
INV11182,CUST0048,Microsoft 365 Licences,£692.68,2026-03-01,2026-03-21
INV11183,CUST0048,Leased Line,"£1,262.89",2026-04-01,2026-04-08
INV11184,CUST0048,Managed IT Support,"£2,353.72",2026-04-01,2026-04-16
INV11185,CUST0048,Microsoft 365 Licences,£261.03,2026-04-01,2026-04-14
INV11186,CUST0048,Leased Line,£402.87,2026-05-01,2026-05-13
INV11187,CUST0048,Managed IT Support,"£1,831.29",2026-05-01,2026-05-18
INV11188,CUST0048,Microsoft 365 Licences,£376.33,2026-05-01,2026-05-13
INV11189,CUST0048,Leased Line,£432.77,2026-06-01,2026-06-20
INV11190,CUST0048,Managed IT Support,"£2,483.28",2026-06-01,2026-06-20
INV11191,CUST0048,Microsoft 365 Licences,£152.49,2026-06-01,2026-06-21
INV11192,CUST0048,Leased Line,£819.42,2026-07-01,2026-07-09
INV11193,CUST0048,Managed IT Support,"£2,949.74",2026-07-01,2026-07-29
INV11194,CUST0048,Microsoft 365 Licences,£553.89,2026-07-01,2026-07-09
INV11195,CUST0048,Leased Line,£773.61,2026-08-01,2026-08-07
INV11196,CUST0048,Managed IT Support,"£1,848.54",2026-08-01,2026-08-06
INV11197,CUST0048,Microsoft 365 Licences,£676.40,2026-08-01,2026-08-25
INV11198,CUST0048,Leased Line,"£1,361.33",2026-09-01,2026-09-26
INV11199,CUST0048,Managed IT Support,"£1,191.95",2026-09-01,2026-09-22
INV11200,CUST0048,Microsoft 365 Licences,£489.26,2026-09-01,2026-09-26
INV11201,CUST0049,Managed IT Support,"£2,545.81",2025-10-01,2025-10-13
INV11202,CUST0049,Cloud Hosting,"£1,896.42",2025-10-01,2025-10-16
INV11203,CUST0049,Microsoft 365 Licences,£487.71,2025-10-01,2025-10-25
INV11204,CUST0049,Managed IT Support,"£1,959.87",2025-11-01,2025-11-28
INV11205,CUST0049,Cloud Hosting,"£1,531.48",2025-11-01,2025-11-28
INV11206,CUST0049,Microsoft 365 Licences,£411.30,2025-11-01,2025-11-09
INV11207,CUST0049,Managed IT Support,"£2,374.23",2025-12-01,2025-12-13
INV11208,CUST0049,Cloud Hosting,£254.28,2025-12-01,2025-12-17
INV11209,CUST0049,Microsoft 365 Licences,£679.22,2025-12-01,2025-12-15
INV11210,CUST0049,Managed IT Support,"£1,824.00",2026-01-01,2026-01-17
INV11211,CUST0049,Cloud Hosting,"£1,619.09",2026-01-01,2026-01-07
INV11212,CUST0049,Microsoft 365 Licences,£726.78,2026-01-01,2026-01-21
INV11213,CUST0049,Managed IT Support,£765.17,2026-02-01,2026-02-28
INV11214,CUST0049,Cloud Hosting,"£1,697.90",2026-02-01,2026-02-19
INV11215,CUST0049,Microsoft 365 Licences,£165.94,2026-02-01,2026-02-25
INV11216,CUST0049,Managed IT Support,£909.40,2026-03-01,2026-03-09
INV11217,CUST0049,Cloud Hosting,"£2,063.92",2026-03-01,2026-03-18
INV11218,CUST0049,Microsoft 365 Licences,£243.07,2026-03-01,2026-03-12
INV11219,CUST0049,Managed IT Support,"£2,263.65",2026-04-01,2026-04-09
INV11220,CUST0049,Cloud Hosting,"£1,726.44",2026-04-01,2026-04-07
INV11221,CUST0049,Microsoft 365 Licences,£747.90,2026-04-01,2026-04-27
INV11222,CUST0049,Managed IT Support,"£1,930.91",2026-05-01,2026-05-20
INV11223,CUST0049,Cloud Hosting,"£1,141.91",2026-05-01,2026-05-24
INV11224,CUST0049,Microsoft 365 Licences,£768.90,2026-05-01,2026-05-10
INV11225,CUST0049,Managed IT Support,"£2,906.02",2026-06-01,2026-06-06
INV11226,CUST0049,Cloud Hosting,"£1,284.21",2026-06-01,2026-06-07
INV11227,CUST0049,Microsoft 365 Licences,£482.79,2026-06-01,2026-06-19
INV11228,CUST0049,Managed IT Support,"£2,580.92",2026-07-01,2026-07-21
INV11229,CUST0049,Cloud Hosting,"£2,052.52",2026-07-01,2026-07-11
INV11230,CUST0049,Microsoft 365 Licences,£581.19,2026-07-01,2026-07-11
INV11231,CUST0049,Managed IT Support,"£2,299.29",2026-08-01,2026-08-10
INV11232,CUST0049,Cloud Hosting,£451.93,2026-08-01,2026-08-27
INV11233,CUST0049,Microsoft 365 Licences,£516.39,2026-08-01,2026-08-16
INV11234,CUST0049,Managed IT Support,"£1,710.69",2026-09-01,2026-09-18
INV11235,CUST0049,Cloud Hosting,"£1,066.40",2026-09-01,2026-09-25
INV11236,CUST0049,Microsoft 365 Licences,£740.30,2026-09-01,2026-09-13
INV11237,CUST0050,Managed IT Support,"£2,923.28",2025-10-01,2025-10-20
INV11238,CUST0050,Cloud Hosting,"£1,819.35",2025-10-01,2025-10-10
INV11239,CUST0050,Managed IT Support,"£1,473.14",2025-11-01,2025-11-28
INV11240,CUST0050,Cloud Hosting,"£1,978.55",2025-11-01,2025-11-22
INV11241,CUST0050,Managed IT Support,"£1,177.17",2025-12-01,2025-12-28
INV11242,CUST0050,Cloud Hosting,"£1,318.22",2025-12-01,2025-12-16
INV11243,CUST0050,Managed IT Support,"£2,250.87",2026-01-01,2026-01-23
INV11244,CUST0050,Cloud Hosting,"£1,483.54",2026-01-01,2026-01-12
INV11245,CUST0050,Managed IT Support,£945.25,2026-02-01,2026-02-28
INV11246,CUST0050,Cloud Hosting,£816.63,2026-02-01,2026-02-17
INV11247,CUST0050,Managed IT Support,"£2,795.10",2026-03-01,2026-03-10
INV11248,CUST0050,Cloud Hosting,"£2,163.60",2026-03-01,2026-03-26
INV11249,CUST0050,Managed IT Support,"£2,935.47",2026-04-01,2026-04-11
INV11250,CUST0050,Cloud Hosting,"£1,232.59",2026-04-01,2026-04-28
INV11251,CUST0050,Managed IT Support,"£2,055.88",2026-05-01,2026-05-28
INV11252,CUST0050,Cloud Hosting,£475.04,2026-05-01,2026-05-17
INV11253,CUST0050,Managed IT Support,"£1,861.93",2026-06-01,2026-06-24
INV11254,CUST0050,Cloud Hosting,"£1,362.74",2026-06-01,2026-06-27
INV11255,CUST0050,Managed IT Support,"£2,246.32",2026-07-01,2026-07-27
INV11256,CUST0050,Cloud Hosting,"£1,708.34",2026-07-01,2026-07-23
INV11257,CUST0050,Managed IT Support,"£1,143.41",2026-08-01,2026-08-19
INV11258,CUST0050,Cloud Hosting,"£1,826.19",2026-08-01,2026-08-22
INV11259,CUST0050,Managed IT Support,£676.82,2026-09-01,2026-09-18
INV11260,CUST0050,Cloud Hosting,£533.39,2026-09-01,2026-09-27
INV11261,CUST0051,Leased Line,£630.33,2025-10-01,2025-10-11
INV11262,CUST0051,Leased Line,"£1,382.71",2025-11-01,2025-11-27
INV11263,CUST0051,Leased Line,£613.09,2025-12-01,2025-12-07
INV11264,CUST0051,Leased Line,"£1,075.12",2026-01-01,2026-01-15
INV11265,CUST0051,Leased Line,£564.20,2026-02-01,2026-02-23
INV11266,CUST0051,Leased Line,£383.92,2026-03-01,2026-03-20
INV11267,CUST0051,Leased Line,£457.60,2026-04-01,2026-04-27
INV11268,CUST0051,Leased Line,"£1,126.47",2026-05-01,2026-05-13
INV11269,CUST0051,Leased Line,"£1,129.53",2026-06-01,2026-06-23
INV11270,CUST0051,Leased Line,£758.33,2026-07-01,2026-07-22
INV11271,CUST0051,Leased Line,"£1,173.52",2026-08-01,2026-08-28
INV11272,CUST0051,Leased Line,£652.02,2026-09-01,2026-09-27
INV11273,CUST0052,Managed IT Support,"£1,407.64",2025-10-01,2025-10-27
INV11274,CUST0052,Managed IT Support,"£1,212.90",2025-11-01,2025-11-23
INV11275,CUST0052,Managed IT Support,£539.89,2025-12-01,2025-12-29
INV11276,CUST0052,Managed IT Support,"£1,053.49",2026-01-01,2026-01-25
INV11277,CUST0052,Managed IT Support,"£2,659.01",2026-02-01,2026-02-20
INV11278,CUST0052,Managed IT Support,"£2,557.96",2026-03-01,2026-03-26
INV11279,CUST0052,Managed IT Support,"£2,232.04",2026-04-01,2026-04-26
INV11280,CUST0052,Managed IT Support,"£1,356.13",2026-05-01,2026-05-24
INV11281,CUST0052,Managed IT Support,"£1,821.20",2026-06-01,2026-06-25
INV11282,CUST0052,Managed IT Support,£910.82,2026-07-01,2026-07-29
INV11283,CUST0052,Managed IT Support,"£2,907.15",2026-08-01,2026-08-15
INV11284,CUST0052,Managed IT Support,"£1,566.92",2026-09-01,2026-09-27
INV11285,CUST0053,Leased Line,"£1,360.60",2025-10-01,2025-10-29
INV11286,CUST0053,Leased Line,£889.54,2025-11-01,2025-11-18
INV11287,CUST0053,Leased Line,£392.67,2025-12-01,2025-12-14
INV11288,CUST0053,Leased Line,£934.43,2026-01-01,2026-01-10
INV11289,CUST0053,Leased Line,£518.98,2026-02-01,2026-02-14
INV11290,CUST0053,Leased Line,£355.93,2026-03-01,2026-03-20
INV11291,CUST0053,Leased Line,"£1,095.17",2026-04-01,2026-04-10
INV11292,CUST0053,Leased Line,£391.94,2026-05-01,2026-05-16
INV11293,CUST0053,Leased Line,£976.72,2026-06-01,2026-06-26
INV11294,CUST0053,Leased Line,£996.39,2026-07-01,2026-07-27
INV11295,CUST0053,Leased Line,£666.21,2026-08-01,2026-08-24
INV11296,CUST0053,Leased Line,£927.67,2026-09-01,2026-09-08
INV11297,CUST0054,Cloud Hosting,"£2,116.13",2025-10-01,2025-10-22
INV11298,CUST0054,Microsoft 365 Licences,£138.41,2025-10-01,2025-10-22
INV11299,CUST0054,Leased Line,£517.34,2025-10-01,2025-10-23
INV11300,CUST0054,Cloud Hosting,"£1,297.22",2025-11-01,2025-11-08
INV11301,CUST0054,Microsoft 365 Licences,£338.08,2025-11-01,2025-11-12
INV11302,CUST0054,Leased Line,"£1,046.50",2025-11-01,2025-11-16
INV11303,CUST0054,Cloud Hosting,£953.56,2025-12-01,2025-12-12
INV11304,CUST0054,Microsoft 365 Licences,£764.72,2025-12-01,2025-12-25
INV11305,CUST0054,Leased Line,£907.02,2025-12-01,2025-12-23
INV11306,CUST0054,Cloud Hosting,"£1,856.19",2026-01-01,2026-01-26
INV11307,CUST0054,Microsoft 365 Licences,£96.25,2026-01-01,2026-01-27
INV11308,CUST0054,Leased Line,£713.31,2026-01-01,2026-01-13
INV11309,CUST0054,Cloud Hosting,"£2,013.77",2026-02-01,2026-02-25
INV11310,CUST0054,Microsoft 365 Licences,£742.21,2026-02-01,2026-02-13
INV11311,CUST0054,Leased Line,"£1,356.84",2026-02-01,2026-02-27
INV11312,CUST0054,Cloud Hosting,"£1,977.04",2026-03-01,2026-03-18
INV11313,CUST0054,Microsoft 365 Licences,£740.31,2026-03-01,2026-03-09
INV11314,CUST0054,Leased Line,£755.17,2026-03-01,2026-03-23
INV11315,CUST0054,Cloud Hosting,"£1,661.75",2026-04-01,2026-04-06
INV11316,CUST0054,Microsoft 365 Licences,£737.05,2026-04-01,2026-04-17
INV11317,CUST0054,Leased Line,£890.02,2026-04-01,2026-04-22
INV11318,CUST0054,Cloud Hosting,"£1,118.84",2026-05-01,2026-05-07
INV11319,CUST0054,Microsoft 365 Licences,£300.47,2026-05-01,2026-05-26
INV11320,CUST0054,Leased Line,£552.14,2026-05-01,2026-05-22
INV11321,CUST0054,Cloud Hosting,£410.57,2026-06-01,2026-06-09
INV11322,CUST0054,Microsoft 365 Licences,£208.85,2026-06-01,2026-06-23
INV11323,CUST0054,Leased Line,£909.87,2026-06-01,2026-06-26
INV11324,CUST0054,Cloud Hosting,£377.67,2026-07-01,2026-07-27
INV11325,CUST0054,Microsoft 365 Licences,£536.96,2026-07-01,2026-07-12
INV11326,CUST0054,Leased Line,"£1,258.20",2026-07-01,2026-07-19
INV11327,CUST0054,Cloud Hosting,"£1,879.55",2026-08-01,2026-08-12
INV11328,CUST0054,Microsoft 365 Licences,£471.81,2026-08-01,2026-08-28
INV11329,CUST0054,Leased Line,"£1,272.57",2026-08-01,2026-08-29
INV11330,CUST0054,Cloud Hosting,"£1,761.65",2026-09-01,2026-09-26
INV11331,CUST0054,Microsoft 365 Licences,£669.90,2026-09-01,2026-09-08
INV11332,CUST0054,Leased Line,"£1,134.24",2026-09-01,2026-09-10
INV11333,CUST0055,Managed IT Support,"£2,263.86",2025-10-01,2025-10-07
INV11334,CUST0055,Managed IT Support,£627.55,2025-11-01,2025-11-07
INV11335,CUST0055,Managed IT Support,£862.78,2025-12-01,2025-12-14
INV11336,CUST0055,Managed IT Support,"£1,851.02",2026-01-01,2026-01-24
INV11337,CUST0055,Managed IT Support,"£2,536.21",2026-02-01,2026-02-14
INV11338,CUST0055,Managed IT Support,"£1,459.85",2026-03-01,2026-03-20
INV11339,CUST0055,Managed IT Support,"£2,038.56",2026-04-01,2026-04-19
INV11340,CUST0055,Managed IT Support,"£1,222.65",2026-05-01,2026-05-18
INV11341,CUST0055,Managed IT Support,"£2,150.58",2026-06-01,2026-06-23
INV11342,CUST0055,Managed IT Support,£415.34,2026-07-01,2026-07-29
INV11343,CUST0055,Managed IT Support,"£2,007.71",2026-08-01,2026-08-29
INV11344,CUST0055,Managed IT Support,"£1,922.58",2026-09-01,2026-09-28
INV11345,CUST0056,Cloud Hosting,"£2,059.69",2025-10-01,2025-12-25
INV11346,CUST0056,Cloud Hosting,"£1,587.46",2025-11-01,2025-11-15
INV11347,CUST0056,Cloud Hosting,"£1,742.28",2025-12-01,2026-01-30
INV11348,CUST0056,Cloud Hosting,"£1,853.14",2026-01-01,2026-02-15
INV11349,CUST0056,Cloud Hosting,"£1,290.26",2026-02-01,2026-04-02
INV11350,CUST0056,Cloud Hosting,"£1,803.70",2026-03-01,2026-03-15
INV11351,CUST0056,Cloud Hosting,"£2,122.26",2026-04-01,2026-06-18
INV11352,CUST0056,Cloud Hosting,"£1,979.61",2026-05-01,2026-05-29
INV11353,CUST0056,Cloud Hosting,"£1,513.48",2026-06-01,2026-06-06
INV11354,CUST0056,Cloud Hosting,"£1,329.37",2026-07-01,2026-07-09
INV11355,CUST0056,Cloud Hosting,£331.46,2026-08-01,2026-08-18
INV11356,CUST0056,Cloud Hosting,"£1,297.45",2026-09-01,2026-09-15
INV11357,CUST0057,Data Centre Colocation,"£2,082.86",2025-10-01,2025-10-29
INV11358,CUST0057,Data Centre Colocation,"£1,287.70",2025-11-01,2025-11-19
INV11359,CUST0057,Data Centre Colocation,"£2,411.26",2025-12-01,2025-12-22
INV11360,CUST0057,Data Centre Colocation,£884.91,2026-01-01,2026-01-11
INV11361,CUST0057,Data Centre Colocation,"£1,041.58",2026-02-01,2026-02-14
INV11362,CUST0057,Data Centre Colocation,£988.65,2026-03-01,2026-03-11
INV11363,CUST0057,Data Centre Colocation,"£1,941.96",2026-04-01,2026-04-24
INV11364,CUST0057,Data Centre Colocation,"£2,304.50",2026-05-01,2026-05-23
INV11365,CUST0057,Data Centre Colocation,"£1,522.53",2026-06-01,2026-06-23
INV11366,CUST0057,Data Centre Colocation,£746.29,2026-07-01,2026-07-27
INV11367,CUST0057,Data Centre Colocation,£734.73,2026-08-01,2026-08-09
INV11368,CUST0057,Data Centre Colocation,£994.84,2026-09-01,2026-09-24
INV11369,CUST0058,Cloud Hosting,£500.02,2025-10-01,2025-10-26
INV11370,CUST0058,Data Centre Colocation,"£1,069.07",2025-10-01,2025-10-15
INV11371,CUST0058,Cloud Hosting,"£1,458.06",2025-11-01,2025-11-12
INV11372,CUST0058,Data Centre Colocation,"£1,235.57",2025-11-01,2025-11-20
INV11373,CUST0058,Cloud Hosting,£890.27,2025-12-01,2025-12-27
INV11374,CUST0058,Data Centre Colocation,"£1,211.35",2025-12-01,2025-12-24
INV11375,CUST0058,Cloud Hosting,£547.17,2026-01-01,2026-01-24
INV11376,CUST0058,Data Centre Colocation,"£1,328.99",2026-01-01,2026-01-16
INV11377,CUST0058,Cloud Hosting,"£2,119.38",2026-02-01,2026-02-11
INV11378,CUST0058,Data Centre Colocation,£609.66,2026-02-01,2026-02-13
INV11379,CUST0058,Cloud Hosting,"£1,782.04",2026-03-01,2026-03-28
INV11380,CUST0058,Data Centre Colocation,"£2,079.63",2026-03-01,2026-03-19
INV11381,CUST0058,Cloud Hosting,£789.53,2026-04-01,2026-04-17
INV11382,CUST0058,Data Centre Colocation,£868.61,2026-04-01,2026-04-29
INV11383,CUST0058,Cloud Hosting,£896.55,2026-05-01,2026-05-21
INV11384,CUST0058,Data Centre Colocation,"£1,525.70",2026-05-01,2026-05-17
INV11385,CUST0058,Cloud Hosting,"£1,760.80",2026-06-01,2026-06-21
INV11386,CUST0058,Data Centre Colocation,"£1,703.34",2026-06-01,2026-06-11
INV11387,CUST0058,Cloud Hosting,"£1,508.83",2026-07-01,2026-07-08
INV11388,CUST0058,Data Centre Colocation,"£2,283.59",2026-07-01,2026-07-10
INV11389,CUST0058,Cloud Hosting,"£1,988.03",2026-08-01,2026-08-12
INV11390,CUST0058,Data Centre Colocation,"£1,126.47",2026-08-01,2026-08-26
INV11391,CUST0058,Cloud Hosting,£399.10,2026-09-01,2026-09-08
INV11392,CUST0058,Data Centre Colocation,"£2,384.21",2026-09-01,2026-09-22
INV11393,CUST0059,Hosted VoIP,£733.82,2025-10-01,2025-10-12
INV11394,CUST0059,Microsoft 365 Licences,£733.48,2025-10-01,2025-10-23
INV11395,CUST0059,Managed IT Support,"£1,077.60",2025-10-01,2025-10-23
INV11396,CUST0059,Hosted VoIP,£519.91,2025-11-01,2025-11-10
INV11397,CUST0059,Microsoft 365 Licences,£349.73,2025-11-01,2025-11-13
INV11398,CUST0059,Managed IT Support,"£2,717.74",2025-11-01,2025-11-24
INV11399,CUST0059,Hosted VoIP,£707.92,2025-12-01,2025-12-15
INV11400,CUST0059,Microsoft 365 Licences,£185.06,2025-12-01,2025-12-22
INV11401,CUST0059,Managed IT Support,"£1,727.07",2025-12-01,2025-12-18
INV11402,CUST0059,Hosted VoIP,£441.98,2026-01-01,2026-01-06
INV11403,CUST0059,Microsoft 365 Licences,£560.50,2026-01-01,2026-01-25
INV11404,CUST0059,Managed IT Support,"£2,178.82",2026-01-01,2026-01-22
INV11405,CUST0059,Hosted VoIP,£281.07,2026-02-01,2026-02-11
INV11406,CUST0059,Microsoft 365 Licences,£217.19,2026-02-01,2026-02-24
INV11407,CUST0059,Managed IT Support,"£2,114.47",2026-02-01,2026-02-10
INV11408,CUST0059,Hosted VoIP,£709.86,2026-03-01,2026-03-21
INV11409,CUST0059,Microsoft 365 Licences,£756.81,2026-03-01,2026-03-07
INV11410,CUST0059,Managed IT Support,£968.93,2026-03-01,2026-03-21
INV11411,CUST0059,Hosted VoIP,£346.86,2026-04-01,2026-04-14
INV11412,CUST0059,Microsoft 365 Licences,£352.30,2026-04-01,2026-04-07
INV11413,CUST0059,Managed IT Support,"£2,138.32",2026-04-01,2026-04-22
INV11414,CUST0059,Hosted VoIP,£833.56,2026-05-01,2026-05-17
INV11415,CUST0059,Microsoft 365 Licences,£365.55,2026-05-01,2026-05-20
INV11416,CUST0059,Managed IT Support,"£2,692.04",2026-05-01,2026-05-07
INV11417,CUST0059,Hosted VoIP,£886.02,2026-06-01,2026-06-16
INV11418,CUST0059,Microsoft 365 Licences,£163.29,2026-06-01,2026-06-22
INV11419,CUST0059,Managed IT Support,"£2,047.27",2026-06-01,2026-06-14
INV11420,CUST0059,Hosted VoIP,£781.11,2026-07-01,2026-07-14
INV11421,CUST0059,Microsoft 365 Licences,£500.83,2026-07-01,2026-07-24
INV11422,CUST0059,Managed IT Support,£852.01,2026-07-01,2026-07-26
INV11423,CUST0059,Hosted VoIP,£452.53,2026-08-01,2026-08-24
INV11424,CUST0059,Microsoft 365 Licences,£553.87,2026-08-01,2026-08-08
INV11425,CUST0059,Managed IT Support,"£1,743.32",2026-08-01,2026-08-18
INV11426,CUST0059,Hosted VoIP,£880.33,2026-09-01,2026-09-13
INV11427,CUST0059,Microsoft 365 Licences,£456.62,2026-09-01,2026-09-17
INV11428,CUST0059,Managed IT Support,"£2,524.82",2026-09-01,2026-09-17
INV11429,CUST0060,Managed IT Support,£417.15,2025-10-01,2025-10-10
INV11430,CUST0060,Microsoft 365 Licences,£402.33,2025-10-01,2025-10-13
INV11431,CUST0060,Managed IT Support,£600.43,2025-11-01,2025-11-26
INV11432,CUST0060,Microsoft 365 Licences,£289.37,2025-11-01,2025-11-10
INV11433,CUST0060,Managed IT Support,£885.95,2025-12-01,2025-12-17
INV11434,CUST0060,Microsoft 365 Licences,£517.43,2025-12-01,2025-12-09
INV11435,CUST0060,Managed IT Support,"£2,118.89",2026-01-01,2026-01-19
INV11436,CUST0060,Microsoft 365 Licences,£665.93,2026-01-01,2026-01-29
INV11437,CUST0060,Managed IT Support,£694.68,2026-02-01,2026-02-27
INV11438,CUST0060,Microsoft 365 Licences,£429.96,2026-02-01,2026-02-12
INV11439,CUST0060,Managed IT Support,"£1,936.06",2026-03-01,2026-03-26
INV11440,CUST0060,Microsoft 365 Licences,£681.69,2026-03-01,2026-03-06
INV11441,CUST0060,Managed IT Support,"£1,033.54",2026-04-01,2026-04-10
INV11442,CUST0060,Microsoft 365 Licences,£497.18,2026-04-01,2026-04-11
INV11443,CUST0060,Managed IT Support,£750.28,2026-05-01,2026-05-22
INV11444,CUST0060,Microsoft 365 Licences,£117.83,2026-05-01,2026-05-24
INV11445,CUST0060,Managed IT Support,£781.85,2026-06-01,2026-06-11
INV11446,CUST0060,Microsoft 365 Licences,£273.36,2026-06-01,2026-06-11
INV11447,CUST0060,Managed IT Support,"£1,743.27",2026-07-01,2026-07-18
INV11448,CUST0060,Microsoft 365 Licences,£515.54,2026-07-01,2026-07-24
INV11449,CUST0060,Managed IT Support,"£2,057.82",2026-08-01,2026-08-29
INV11450,CUST0060,Microsoft 365 Licences,£606.86,2026-08-01,2026-08-15
INV11451,CUST0060,Managed IT Support,"£2,862.86",2026-09-01,2026-09-12
INV11452,CUST0060,Microsoft 365 Licences,£408.93,2026-09-01,2026-09-21
INV11453,CUST0061,Leased Line,"£1,221.88",2025-10-01,2025-10-25
INV11454,CUST0061,Data Centre Colocation,£885.42,2025-10-01,2025-10-24
INV11455,CUST0061,Leased Line,"£1,211.48",2025-11-01,2025-11-11
INV11456,CUST0061,Data Centre Colocation,"£1,846.42",2025-11-01,2025-11-22
INV11457,CUST0061,Leased Line,£627.75,2025-12-01,2025-12-29
INV11458,CUST0061,Data Centre Colocation,"£1,971.18",2025-12-01,2025-12-20
INV11459,CUST0061,Leased Line,£976.36,2026-01-01,2026-01-08
INV11460,CUST0061,Data Centre Colocation,"£1,059.63",2026-01-01,2026-01-18
INV11461,CUST0061,Leased Line,£488.82,2026-02-01,2026-02-06
INV11462,CUST0061,Data Centre Colocation,"£1,004.70",2026-02-01,2026-02-22
INV11463,CUST0061,Leased Line,"£1,068.59",2026-03-01,2026-03-10
INV11464,CUST0061,Data Centre Colocation,"£1,811.02",2026-03-01,2026-03-11
INV11465,CUST0061,Leased Line,£849.66,2026-04-01,2026-04-25
INV11466,CUST0061,Data Centre Colocation,"£1,799.63",2026-04-01,2026-04-23
INV11467,CUST0061,Leased Line,£878.50,2026-05-01,2026-05-09
INV11468,CUST0061,Data Centre Colocation,£786.38,2026-05-01,2026-05-27
INV11469,CUST0061,Leased Line,£486.85,2026-06-01,2026-06-25
INV11470,CUST0061,Data Centre Colocation,"£1,678.57",2026-06-01,2026-06-06
INV11471,CUST0061,Leased Line,"£1,291.82",2026-07-01,2026-07-27
INV11472,CUST0061,Data Centre Colocation,"£1,898.46",2026-07-01,2026-07-22
INV11473,CUST0061,Leased Line,£791.72,2026-08-01,2026-08-07
INV11474,CUST0061,Data Centre Colocation,"£1,995.29",2026-08-01,2026-08-19
INV11475,CUST0061,Leased Line,£590.96,2026-09-01,2026-09-21
INV11476,CUST0061,Data Centre Colocation,"£2,179.11",2026-09-01,2026-09-18
INV11477,CUST0062,Microsoft 365 Licences,£159.38,2025-10-01,2025-10-10
INV11478,CUST0062,Data Centre Colocation,"£1,109.04",2025-10-01,2025-10-13
INV11479,CUST0062,Microsoft 365 Licences,£736.16,2025-11-01,2025-11-08
INV11480,CUST0062,Data Centre Colocation,"£1,166.53",2025-11-01,2025-11-23
INV11481,CUST0062,Microsoft 365 Licences,£380.14,2025-12-01,2025-12-12
INV11482,CUST0062,Data Centre Colocation,£610.94,2025-12-01,2025-12-29
INV11483,CUST0062,Microsoft 365 Licences,£650.49,2026-01-01,2026-01-24
INV11484,CUST0062,Data Centre Colocation,"£1,645.08",2026-01-01,2026-01-22
INV11485,CUST0062,Microsoft 365 Licences,£95.11,2026-02-01,2026-02-26
INV11486,CUST0062,Data Centre Colocation,"£1,010.84",2026-02-01,2026-02-16
INV11487,CUST0062,Microsoft 365 Licences,£380.28,2026-03-01,2026-03-09
INV11488,CUST0062,Data Centre Colocation,£909.56,2026-03-01,2026-03-26
INV11489,CUST0062,Microsoft 365 Licences,£505.61,2026-04-01,2026-04-14
INV11490,CUST0062,Data Centre Colocation,"£2,309.95",2026-04-01,2026-04-19
INV11491,CUST0062,Microsoft 365 Licences,£490.92,2026-05-01,2026-05-25
INV11492,CUST0062,Data Centre Colocation,"£1,151.12",2026-05-01,2026-05-27
INV11493,CUST0062,Microsoft 365 Licences,£372.19,2026-06-01,2026-06-12
INV11494,CUST0062,Data Centre Colocation,"£1,426.46",2026-06-01,2026-06-23
INV11495,CUST0062,Microsoft 365 Licences,£432.55,2026-07-01,2026-07-17
INV11496,CUST0062,Data Centre Colocation,"£1,718.19",2026-07-01,2026-07-21
INV11497,CUST0062,Microsoft 365 Licences,£270.18,2026-08-01,2026-08-15
INV11498,CUST0062,Data Centre Colocation,"£1,755.30",2026-08-01,2026-08-28
INV11499,CUST0062,Microsoft 365 Licences,£372.67,2026-09-01,2026-09-10
INV11500,CUST0062,Data Centre Colocation,"£2,310.00",2026-09-01,2026-09-27
INV11501,CUST0063,Data Centre Colocation,"£1,059.54",2025-10-01,2025-10-28
INV11502,CUST0063,Data Centre Colocation,"£2,498.49",2025-11-01,2025-11-09
INV11503,CUST0063,Data Centre Colocation,"£1,028.92",2025-12-01,2025-12-18
INV11504,CUST0063,Data Centre Colocation,"£2,172.16",2026-01-01,2026-01-23
INV11505,CUST0063,Data Centre Colocation,"£1,828.05",2026-02-01,2026-02-27
INV11506,CUST0063,Data Centre Colocation,"£2,013.58",2026-03-01,2026-03-11
INV11507,CUST0063,Data Centre Colocation,"£1,378.21",2026-04-01,2026-04-26
INV11508,CUST0063,Data Centre Colocation,£610.58,2026-05-01,2026-05-08
INV11509,CUST0063,Data Centre Colocation,"£2,246.51",2026-06-01,2026-06-21
INV11510,CUST0063,Data Centre Colocation,"£2,451.72",2026-07-01,2026-07-19
INV11511,CUST0063,Data Centre Colocation,£776.28,2026-08-01,2026-08-14
INV11512,CUST0063,Data Centre Colocation,"£1,043.54",2026-09-01,2026-09-08
INV11513,CUST0064,Hosted VoIP,£622.06,2025-10-01,2025-10-22
INV11514,CUST0064,Managed IT Support,"£1,144.82",2025-10-01,2025-10-25
INV11515,CUST0064,Microsoft 365 Licences,£130.80,2025-10-01,2025-10-11
INV11516,CUST0064,Hosted VoIP,£641.01,2025-11-01,2025-11-20
INV11517,CUST0064,Managed IT Support,£427.85,2025-11-01,2025-11-27
INV11518,CUST0064,Microsoft 365 Licences,£750.84,2025-11-01,2025-11-22
INV11519,CUST0064,Hosted VoIP,£385.92,2025-12-01,2025-12-07
INV11520,CUST0064,Managed IT Support,"£2,438.29",2025-12-01,2025-12-22
INV11521,CUST0064,Microsoft 365 Licences,£456.23,2025-12-01,2025-12-13
INV11522,CUST0064,Hosted VoIP,£622.94,2026-01-01,2026-01-27
INV11523,CUST0064,Managed IT Support,£493.76,2026-01-01,2026-01-13
INV11524,CUST0064,Microsoft 365 Licences,£555.06,2026-01-01,2026-01-11
INV11525,CUST0064,Hosted VoIP,£242.53,2026-02-01,2026-02-14
INV11526,CUST0064,Managed IT Support,"£2,427.15",2026-02-01,2026-02-17
INV11527,CUST0064,Microsoft 365 Licences,£565.46,2026-02-01,2026-02-18
INV11528,CUST0064,Hosted VoIP,£601.98,2026-03-01,2026-03-22
INV11529,CUST0064,Managed IT Support,£439.95,2026-03-01,2026-03-28
INV11530,CUST0064,Microsoft 365 Licences,£138.72,2026-03-01,2026-03-08
INV11531,CUST0064,Hosted VoIP,£575.71,2026-04-01,2026-04-29
INV11532,CUST0064,Managed IT Support,"£2,557.39",2026-04-01,2026-04-24
INV11533,CUST0064,Microsoft 365 Licences,£337.15,2026-04-01,2026-04-14
INV11534,CUST0064,Hosted VoIP,£342.93,2026-05-01,2026-05-12
INV11535,CUST0064,Managed IT Support,"£1,582.37",2026-05-01,2026-05-18
INV11536,CUST0064,Microsoft 365 Licences,£498.18,2026-05-01,2026-05-14
INV11537,CUST0064,Hosted VoIP,£306.03,2026-06-01,2026-06-22
INV11538,CUST0064,Managed IT Support,£676.81,2026-06-01,2026-06-08
INV11539,CUST0064,Microsoft 365 Licences,£447.25,2026-06-01,2026-06-16
INV11540,CUST0064,Hosted VoIP,£861.85,2026-07-01,2026-07-22
INV11541,CUST0064,Managed IT Support,"£2,887.44",2026-07-01,2026-07-23
INV11542,CUST0064,Microsoft 365 Licences,£667.33,2026-07-01,2026-07-24
INV11543,CUST0064,Hosted VoIP,£360.10,2026-08-01,2026-08-20
INV11544,CUST0064,Managed IT Support,"£2,911.74",2026-08-01,2026-08-24
INV11545,CUST0064,Microsoft 365 Licences,£433.38,2026-08-01,2026-08-13
INV11546,CUST0064,Hosted VoIP,£725.38,2026-09-01,2026-09-20
INV11547,CUST0064,Managed IT Support,"£2,172.15",2026-09-01,2026-09-24
INV11548,CUST0064,Microsoft 365 Licences,£702.04,2026-09-01,2026-09-21
INV11549,CUST0065,Cloud Hosting,£381.73,2025-10-01,2025-10-26
INV11550,CUST0065,Cloud Hosting,"£1,787.88",2025-11-01,2025-11-13
INV11551,CUST0065,Cloud Hosting,"£1,569.98",2025-12-01,2025-12-13
INV11552,CUST0065,Cloud Hosting,"£1,810.31",2026-01-01,2026-01-19
INV11553,CUST0065,Cloud Hosting,"£2,113.12",2026-02-01,2026-02-22
INV11554,CUST0065,Cloud Hosting,"£1,294.52",2026-03-01,2026-03-28
INV11555,CUST0065,Cloud Hosting,"£1,872.75",2026-04-01,2026-04-13
INV11556,CUST0065,Cloud Hosting,£810.21,2026-05-01,2026-05-18
INV11557,CUST0065,Cloud Hosting,"£1,563.71",2026-06-01,2026-06-16
INV11558,CUST0065,Cloud Hosting,£398.26,2026-07-01,2026-07-11
INV11559,CUST0065,Cloud Hosting,"£1,179.28",2026-08-01,2026-08-17
INV11560,CUST0065,Cloud Hosting,£676.20,2026-09-01,2026-09-24
INV11561,CUST0066,Leased Line,£873.95,2025-10-01,2025-10-12
INV11562,CUST0066,Data Centre Colocation,"£1,069.72",2025-10-01,2025-10-13
INV11563,CUST0066,Leased Line,"£1,266.38",2025-11-01,2025-11-12
INV11564,CUST0066,Data Centre Colocation,"£1,058.42",2025-11-01,2025-11-13
INV11565,CUST0066,Leased Line,"£1,228.15",2025-12-01,2025-12-17
INV11566,CUST0066,Data Centre Colocation,£911.99,2025-12-01,2025-12-09
INV11567,CUST0066,Leased Line,£475.87,2026-01-01,2026-01-08
INV11568,CUST0066,Data Centre Colocation,"£1,951.62",2026-01-01,2026-01-27
INV11569,CUST0066,Leased Line,£867.30,2026-02-01,2026-02-06
INV11570,CUST0066,Data Centre Colocation,"£2,128.49",2026-02-01,2026-02-23
INV11571,CUST0066,Leased Line,"£1,355.89",2026-03-01,2026-03-21
INV11572,CUST0066,Data Centre Colocation,"£1,342.39",2026-03-01,2026-03-16
INV11573,CUST0066,Leased Line,£866.96,2026-04-01,2026-04-24
INV11574,CUST0066,Data Centre Colocation,"£2,337.54",2026-04-01,2026-04-21
INV11575,CUST0066,Leased Line,£542.02,2026-05-01,2026-05-22
INV11576,CUST0066,Data Centre Colocation,"£1,160.53",2026-05-01,2026-05-13
INV11577,CUST0066,Leased Line,"£1,137.68",2026-06-01,2026-06-10
INV11578,CUST0066,Data Centre Colocation,£708.30,2026-06-01,2026-06-19
INV11579,CUST0066,Leased Line,£852.24,2026-07-01,2026-07-23
INV11580,CUST0066,Data Centre Colocation,£665.13,2026-07-01,2026-07-17
INV11581,CUST0066,Leased Line,£763.40,2026-08-01,2026-08-27
INV11582,CUST0066,Data Centre Colocation,"£2,151.81",2026-08-01,2026-08-20
INV11583,CUST0066,Leased Line,"£1,375.33",2026-09-01,2026-09-28
INV11584,CUST0066,Data Centre Colocation,"£1,636.41",2026-09-01,2026-09-16
INV11585,CUST0067,Hosted VoIP,£453.19,2025-10-01,2025-10-09
INV11586,CUST0067,Data Centre Colocation,"£1,250.87",2025-10-01,2025-10-25
INV11587,CUST0067,Leased Line,"£1,254.93",2025-10-01,2025-10-11
INV11588,CUST0067,Hosted VoIP,£574.97,2025-11-01,2025-11-13
INV11589,CUST0067,Data Centre Colocation,"£1,138.82",2025-11-01,2025-11-25
INV11590,CUST0067,Leased Line,£710.25,2025-11-01,2025-11-11
INV11591,CUST0067,Hosted VoIP,£539.11,2025-12-01,2025-12-12
INV11592,CUST0067,Data Centre Colocation,"£1,438.19",2025-12-01,2025-12-17
INV11593,CUST0067,Leased Line,£733.33,2025-12-01,2025-12-18
INV11594,CUST0067,Hosted VoIP,£381.33,2026-01-01,2026-01-11
INV11595,CUST0067,Data Centre Colocation,"£1,742.82",2026-01-01,2026-01-24
INV11596,CUST0067,Leased Line,"£1,070.31",2026-01-01,2026-01-09
INV11597,CUST0067,Hosted VoIP,£698.99,2026-02-01,2026-02-13
INV11598,CUST0067,Data Centre Colocation,"£1,710.68",2026-02-01,2026-02-18
INV11599,CUST0067,Leased Line,£555.87,2026-02-01,2026-03-01
INV11600,CUST0067,Hosted VoIP,£287.67,2026-03-01,2026-03-06
INV11601,CUST0067,Data Centre Colocation,£953.21,2026-03-01,2026-03-21
INV11602,CUST0067,Leased Line,£491.20,2026-03-01,2026-03-26
INV11603,CUST0067,Hosted VoIP,£552.25,2026-04-01,2026-04-29
INV11604,CUST0067,Data Centre Colocation,"£1,231.45",2026-04-01,2026-04-21
INV11605,CUST0067,Leased Line,£665.04,2026-04-01,2026-04-23
INV11606,CUST0067,Hosted VoIP,£798.12,2026-05-01,2026-05-07
INV11607,CUST0067,Data Centre Colocation,"£1,396.80",2026-05-01,2026-05-28
INV11608,CUST0067,Leased Line,£521.51,2026-05-01,2026-05-12
INV11609,CUST0067,Hosted VoIP,£765.95,2026-06-01,2026-06-21
INV11610,CUST0067,Data Centre Colocation,"£2,277.94",2026-06-01,2026-06-09
INV11611,CUST0067,Leased Line,£822.35,2026-06-01,2026-06-16
INV11612,CUST0067,Hosted VoIP,£367.03,2026-07-01,2026-07-17
INV11613,CUST0067,Data Centre Colocation,"£1,720.70",2026-07-01,2026-07-14
INV11614,CUST0067,Leased Line,£711.35,2026-07-01,2026-07-19
INV11615,CUST0067,Hosted VoIP,£267.29,2026-08-01,2026-08-27
INV11616,CUST0067,Data Centre Colocation,"£2,526.23",2026-08-01,2026-08-12
INV11617,CUST0067,Leased Line,£955.70,2026-08-01,2026-08-26
INV11618,CUST0067,Hosted VoIP,£647.37,2026-09-01,2026-09-11
INV11619,CUST0067,Data Centre Colocation,"£2,558.75",2026-09-01,2026-09-15
INV11620,CUST0067,Leased Line,£722.86,2026-09-01,2026-09-27
INV11621,CUST0068,Managed IT Support,"£1,390.78",2025-10-01,2025-10-15
INV11622,CUST0068,Data Centre Colocation,"£1,527.50",2025-10-01,2025-10-10
INV11623,CUST0068,Hosted VoIP,£805.15,2025-10-01,2025-10-26
INV11624,CUST0068,Managed IT Support,"£2,500.06",2025-11-01,2025-11-16
INV11625,CUST0068,Data Centre Colocation,"£1,443.63",2025-11-01,2025-11-25
INV11626,CUST0068,Hosted VoIP,£591.58,2025-11-01,2025-11-08
INV11627,CUST0068,Managed IT Support,£605.69,2025-12-01,2025-12-16
INV11628,CUST0068,Data Centre Colocation,"£1,056.44",2025-12-01,2025-12-16
INV11629,CUST0068,Hosted VoIP,£650.17,2025-12-01,2025-12-28
INV11630,CUST0068,Managed IT Support,"£1,095.43",2026-01-01,2026-01-26
INV11631,CUST0068,Data Centre Colocation,"£1,390.91",2026-01-01,2026-01-20
INV11632,CUST0068,Hosted VoIP,£742.30,2026-01-01,2026-01-17
INV11633,CUST0068,Managed IT Support,"£2,344.53",2026-02-01,2026-02-22
INV11634,CUST0068,Data Centre Colocation,"£2,531.05",2026-02-01,2026-02-19
INV11635,CUST0068,Hosted VoIP,£300.47,2026-02-01,2026-02-06
INV11636,CUST0068,Managed IT Support,£725.10,2026-03-01,2026-03-13
INV11637,CUST0068,Data Centre Colocation,"£1,924.05",2026-03-01,2026-03-29
INV11638,CUST0068,Hosted VoIP,£684.50,2026-03-01,2026-03-08
INV11639,CUST0068,Managed IT Support,£947.49,2026-04-01,2026-04-18
INV11640,CUST0068,Data Centre Colocation,£806.02,2026-04-01,2026-04-08
INV11641,CUST0068,Hosted VoIP,£854.49,2026-04-01,2026-04-21
INV11642,CUST0068,Managed IT Support,"£1,825.93",2026-05-01,2026-05-06
INV11643,CUST0068,Data Centre Colocation,"£2,141.87",2026-05-01,2026-05-22
INV11644,CUST0068,Hosted VoIP,£730.80,2026-05-01,2026-05-08
INV11645,CUST0068,Managed IT Support,£670.21,2026-06-01,2026-06-25
INV11646,CUST0068,Data Centre Colocation,£910.55,2026-06-01,2026-06-26
INV11647,CUST0068,Hosted VoIP,£850.74,2026-06-01,2026-06-18
INV11648,CUST0068,Managed IT Support,"£1,204.36",2026-07-01,2026-07-13
INV11649,CUST0068,Data Centre Colocation,"£2,075.19",2026-07-01,2026-07-20
INV11650,CUST0068,Hosted VoIP,£631.07,2026-07-01,2026-07-10
INV11651,CUST0068,Managed IT Support,"£1,769.53",2026-08-01,2026-08-11
INV11652,CUST0068,Data Centre Colocation,£657.14,2026-08-01,2026-08-27
INV11653,CUST0068,Hosted VoIP,£436.93,2026-08-01,2026-08-16
INV11654,CUST0068,Managed IT Support,"£2,647.03",2026-09-01,2026-09-20
INV11655,CUST0068,Data Centre Colocation,"£2,549.96",2026-09-01,2026-09-23
INV11656,CUST0068,Hosted VoIP,£853.10,2026-09-01,2026-09-23
INV11657,CUST0069,Leased Line,£535.89,2025-10-01,2025-10-25
INV11658,CUST0069,Microsoft 365 Licences,£414.15,2025-10-01,2025-10-29
INV11659,CUST0069,Leased Line,"£1,017.64",2025-11-01,2025-11-24
INV11660,CUST0069,Microsoft 365 Licences,£398.83,2025-11-01,2025-11-26
INV11661,CUST0069,Leased Line,"£1,021.50",2025-12-01,2025-12-15
INV11662,CUST0069,Microsoft 365 Licences,£735.34,2025-12-01,2025-12-21
INV11663,CUST0069,Leased Line,£916.65,2026-01-01,2026-01-08
INV11664,CUST0069,Microsoft 365 Licences,£403.72,2026-01-01,2026-01-17
INV11665,CUST0069,Leased Line,£782.81,2026-02-01,2026-02-10
INV11666,CUST0069,Microsoft 365 Licences,£305.54,2026-02-01,2026-02-06
INV11667,CUST0069,Leased Line,£899.48,2026-03-01,2026-03-10
INV11668,CUST0069,Microsoft 365 Licences,£334.16,2026-03-01,2026-03-21
INV11669,CUST0069,Leased Line,£911.85,2026-04-01,2026-04-28
INV11670,CUST0069,Microsoft 365 Licences,£744.68,2026-04-01,2026-04-21
INV11671,CUST0069,Leased Line,£664.59,2026-05-01,2026-05-19
INV11672,CUST0069,Microsoft 365 Licences,£656.55,2026-05-01,2026-05-25
INV11673,CUST0069,Leased Line,£592.78,2026-06-01,2026-06-06
INV11674,CUST0069,Microsoft 365 Licences,£479.23,2026-06-01,2026-06-12
INV11675,CUST0069,Leased Line,£782.32,2026-07-01,2026-07-23
INV11676,CUST0069,Microsoft 365 Licences,£400.35,2026-07-01,2026-07-13
INV11677,CUST0069,Leased Line,£521.43,2026-08-01,2026-08-29
INV11678,CUST0069,Microsoft 365 Licences,£548.65,2026-08-01,2026-08-18
INV11679,CUST0069,Leased Line,£581.62,2026-09-01,2026-09-08
INV11680,CUST0069,Microsoft 365 Licences,£389.79,2026-09-01,2026-09-13
INV11681,CUST0070,Microsoft 365 Licences,£550.40,2025-10-01,2025-10-23
INV11682,CUST0070,Cloud Hosting,"£1,827.18",2025-10-01,2025-10-19
INV11683,CUST0070,Data Centre Colocation,£976.00,2025-10-01,2025-10-08
INV11684,CUST0070,Microsoft 365 Licences,£219.51,2025-11-01,2025-11-15
INV11685,CUST0070,Cloud Hosting,£465.19,2025-11-01,2025-11-20
INV11686,CUST0070,Data Centre Colocation,"£1,835.46",2025-11-01,2025-11-14
INV11687,CUST0070,Microsoft 365 Licences,£587.34,2025-12-01,2025-12-21
INV11688,CUST0070,Cloud Hosting,£616.19,2025-12-01,2025-12-06
INV11689,CUST0070,Data Centre Colocation,£904.30,2025-12-01,2025-12-23
INV11690,CUST0070,Microsoft 365 Licences,£105.71,2026-01-01,2026-01-09
INV11691,CUST0070,Cloud Hosting,£800.12,2026-01-01,2026-01-10
INV11692,CUST0070,Data Centre Colocation,"£2,030.39",2026-01-01,2026-01-29
INV11693,CUST0070,Microsoft 365 Licences,£95.82,2026-02-01,2026-02-08
INV11694,CUST0070,Cloud Hosting,£543.83,2026-02-01,2026-02-21
INV11695,CUST0070,Data Centre Colocation,"£1,034.38",2026-02-01,2026-02-19
INV11696,CUST0070,Microsoft 365 Licences,£311.22,2026-03-01,2026-03-21
INV11697,CUST0070,Cloud Hosting,"£2,196.03",2026-03-01,2026-03-20
INV11698,CUST0070,Data Centre Colocation,"£1,993.87",2026-03-01,2026-03-07
INV11699,CUST0070,Microsoft 365 Licences,£324.48,2026-04-01,2026-04-10
INV11700,CUST0070,Cloud Hosting,£359.27,2026-04-01,2026-04-18
INV11701,CUST0070,Data Centre Colocation,£742.77,2026-04-01,2026-04-21
INV11702,CUST0070,Microsoft 365 Licences,£218.94,2026-05-01,2026-05-14
INV11703,CUST0070,Cloud Hosting,"£1,843.64",2026-05-01,2026-05-06
INV11704,CUST0070,Data Centre Colocation,£843.92,2026-05-01,2026-05-28
INV11705,CUST0070,Microsoft 365 Licences,£266.76,2026-06-01,2026-06-20
INV11706,CUST0070,Cloud Hosting,£731.97,2026-06-01,2026-06-07
INV11707,CUST0070,Data Centre Colocation,£998.36,2026-06-01,2026-06-29
INV11708,CUST0070,Microsoft 365 Licences,£637.41,2026-07-01,2026-07-22
INV11709,CUST0070,Cloud Hosting,"£1,548.72",2026-07-01,2026-07-12
INV11710,CUST0070,Data Centre Colocation,"£1,545.65",2026-07-01,2026-07-27
INV11711,CUST0070,Microsoft 365 Licences,£772.46,2026-08-01,2026-08-16
INV11712,CUST0070,Cloud Hosting,£559.29,2026-08-01,2026-08-29
INV11713,CUST0070,Data Centre Colocation,£684.37,2026-08-01,2026-08-23
INV11714,CUST0070,Microsoft 365 Licences,£459.86,2026-09-01,2026-09-14
INV11715,CUST0070,Cloud Hosting,"£1,188.40",2026-09-01,2026-09-15
INV11716,CUST0070,Data Centre Colocation,£997.45,2026-09-01,2026-09-07
INV11717,CUST0071,Leased Line,"£1,014.55",2025-10-01,2025-10-16
INV11718,CUST0071,Hosted VoIP,£190.85,2025-10-01,2025-10-14
INV11719,CUST0071,Data Centre Colocation,"£1,769.39",2025-10-01,2025-10-18
INV11720,CUST0071,Leased Line,"£1,178.60",2025-11-01,2025-11-06
INV11721,CUST0071,Hosted VoIP,£877.56,2025-11-01,2025-11-24
INV11722,CUST0071,Data Centre Colocation,"£2,166.95",2025-11-01,2025-11-21
INV11723,CUST0071,Leased Line,"£1,072.83",2025-12-01,2025-12-10
INV11724,CUST0071,Hosted VoIP,£447.41,2025-12-01,2025-12-08
INV11725,CUST0071,Data Centre Colocation,"£1,097.44",2025-12-01,2025-12-21
INV11726,CUST0071,Leased Line,£445.97,2026-01-01,2026-01-25
INV11727,CUST0071,Hosted VoIP,£423.66,2026-01-01,2026-01-26
INV11728,CUST0071,Data Centre Colocation,£720.10,2026-01-01,2026-01-17
INV11729,CUST0071,Leased Line,"£1,026.80",2026-02-01,2026-02-28
INV11730,CUST0071,Hosted VoIP,£566.17,2026-02-01,2026-02-09
INV11731,CUST0071,Data Centre Colocation,£851.65,2026-02-01,2026-02-13
INV11732,CUST0071,Leased Line,£682.58,2026-03-01,2026-03-23
INV11733,CUST0071,Hosted VoIP,£747.76,2026-03-01,2026-03-17
INV11734,CUST0071,Data Centre Colocation,"£2,211.05",2026-03-01,2026-03-20
INV11735,CUST0071,Leased Line,"£1,119.85",2026-04-01,2026-04-06
INV11736,CUST0071,Hosted VoIP,£676.26,2026-04-01,2026-04-17
INV11737,CUST0071,Data Centre Colocation,"£2,048.80",2026-04-01,2026-04-14
INV11738,CUST0071,Leased Line,"£1,293.60",2026-05-01,2026-05-21
INV11739,CUST0071,Hosted VoIP,£688.77,2026-05-01,2026-05-23
INV11740,CUST0071,Data Centre Colocation,"£1,189.43",2026-05-01,2026-05-28
INV11741,CUST0071,Leased Line,£864.60,2026-06-01,2026-06-24
INV11742,CUST0071,Hosted VoIP,£314.37,2026-06-01,2026-06-17
INV11743,CUST0071,Data Centre Colocation,"£1,247.36",2026-06-01,2026-06-20
INV11744,CUST0071,Leased Line,£639.09,2026-07-01,2026-07-25
INV11745,CUST0071,Hosted VoIP,£838.42,2026-07-01,2026-07-23
INV11746,CUST0071,Data Centre Colocation,£920.69,2026-07-01,2026-07-22
INV11747,CUST0071,Leased Line,£512.78,2026-08-01,2026-08-15
INV11748,CUST0071,Hosted VoIP,£769.98,2026-08-01,2026-08-23
INV11749,CUST0071,Data Centre Colocation,"£1,334.23",2026-08-01,2026-08-06
INV11750,CUST0071,Leased Line,"£1,164.71",2026-09-01,2026-09-22
INV11751,CUST0071,Hosted VoIP,£452.91,2026-09-01,2026-09-11
INV11752,CUST0071,Data Centre Colocation,"£2,365.86",2026-09-01,2026-09-25
INV11753,CUST0072,Microsoft 365 Licences,£317.69,2025-10-01,2025-10-08
INV11754,CUST0072,Leased Line,"£1,041.20",2025-10-01,2025-10-23
INV11755,CUST0072,Microsoft 365 Licences,£671.53,2025-11-01,2025-11-12
INV11756,CUST0072,Leased Line,£900.27,2025-11-01,2025-11-21
INV11757,CUST0072,Microsoft 365 Licences,£633.67,2025-12-01,2025-12-10
INV11758,CUST0072,Leased Line,£993.69,2025-12-01,2025-12-16
INV11759,CUST0072,Microsoft 365 Licences,£380.96,2026-01-01,2026-01-16
INV11760,CUST0072,Leased Line,£465.99,2026-01-01,2026-01-22
INV11761,CUST0072,Microsoft 365 Licences,£557.81,2026-02-01,2026-02-07
INV11762,CUST0072,Leased Line,"£1,226.95",2026-02-01,2026-02-10
INV11763,CUST0072,Microsoft 365 Licences,£216.83,2026-03-01,2026-03-07
INV11764,CUST0072,Leased Line,£562.18,2026-03-01,2026-03-21
INV11765,CUST0072,Microsoft 365 Licences,£226.05,2026-04-01,2026-04-07
INV11766,CUST0072,Leased Line,£949.56,2026-04-01,2026-04-18
INV11767,CUST0072,Microsoft 365 Licences,£557.12,2026-05-01,2026-05-22
INV11768,CUST0072,Leased Line,"£1,005.17",2026-05-01,2026-05-24
INV11769,CUST0072,Microsoft 365 Licences,£271.72,2026-06-01,2026-06-17
INV11770,CUST0072,Leased Line,£581.76,2026-06-01,2026-06-28
INV11771,CUST0072,Microsoft 365 Licences,£140.32,2026-07-01,2026-07-12
INV11772,CUST0072,Leased Line,"£1,038.54",2026-07-01,2026-07-08
INV11773,CUST0072,Microsoft 365 Licences,£422.32,2026-08-01,2026-08-26
INV11774,CUST0072,Leased Line,£413.74,2026-08-01,2026-08-23
INV11775,CUST0072,Microsoft 365 Licences,£617.87,2026-09-01,2026-09-19
INV11776,CUST0072,Leased Line,"£1,213.13",2026-09-01,2026-09-28
INV11777,CUST0073,Microsoft 365 Licences,£278.73,2025-10-01,2025-11-09
INV11778,CUST0073,Microsoft 365 Licences,£682.46,2025-11-01,2025-12-19
INV11779,CUST0073,Microsoft 365 Licences,£772.02,2025-12-01,2026-02-20
INV11780,CUST0073,Microsoft 365 Licences,£254.02,2026-01-01,2026-02-17
INV11781,CUST0073,Microsoft 365 Licences,£463.60,2026-02-01,2026-04-17
INV11782,CUST0073,Microsoft 365 Licences,£762.73,2026-03-01,2026-03-23
INV11783,CUST0073,Microsoft 365 Licences,£384.78,2026-04-01,2026-06-15
INV11784,CUST0073,Microsoft 365 Licences,£499.36,2026-05-01,2026-05-28
INV11785,CUST0073,Microsoft 365 Licences,£562.32,2026-06-01,2026-06-11
INV11786,CUST0073,Microsoft 365 Licences,£652.65,2026-07-01,2026-07-22
INV11787,CUST0073,Microsoft 365 Licences,£329.63,2026-08-01,
INV11788,CUST0073,Microsoft 365 Licences,£798.89,2026-09-01,
INV11789,CUST0074,Cloud Hosting,"£2,183.35",2025-10-01,2025-11-28
INV11790,CUST0074,Microsoft 365 Licences,£382.76,2025-10-01,2025-10-29
INV11791,CUST0074,Cloud Hosting,£880.73,2025-11-01,2026-01-09
INV11792,CUST0074,Microsoft 365 Licences,£241.89,2025-11-01,2025-11-29
INV11793,CUST0074,Cloud Hosting,£745.47,2025-12-01,2025-12-20
INV11794,CUST0074,Microsoft 365 Licences,£771.48,2025-12-01,2026-01-07
INV11795,CUST0074,Cloud Hosting,"£2,166.77",2026-01-01,2026-01-22
INV11796,CUST0074,Microsoft 365 Licences,£185.91,2026-01-01,2026-01-06
INV11797,CUST0074,Cloud Hosting,£835.65,2026-02-01,2026-05-01
INV11798,CUST0074,Microsoft 365 Licences,£313.58,2026-02-01,2026-02-28
INV11799,CUST0074,Cloud Hosting,"£1,853.56",2026-03-01,2026-03-22
INV11800,CUST0074,Microsoft 365 Licences,£484.99,2026-03-01,2026-03-10
INV11801,CUST0074,Cloud Hosting,£433.86,2026-04-01,2026-05-15
INV11802,CUST0074,Microsoft 365 Licences,£188.27,2026-04-01,2026-06-12
INV11803,CUST0074,Cloud Hosting,£737.22,2026-05-01,2026-06-24
INV11804,CUST0074,Microsoft 365 Licences,£155.25,2026-05-01,2026-06-18
INV11805,CUST0074,Cloud Hosting,"£1,681.82",2026-06-01,2026-06-21
INV11806,CUST0074,Microsoft 365 Licences,£212.76,2026-06-01,2026-06-28
INV11807,CUST0074,Cloud Hosting,"£1,620.55",2026-07-01,2026-07-09
INV11808,CUST0074,Microsoft 365 Licences,£512.61,2026-07-01,2026-09-20
INV11809,CUST0074,Cloud Hosting,"£1,826.27",2026-08-01,
INV11810,CUST0074,Microsoft 365 Licences,£643.89,2026-08-01,2026-08-16
INV11811,CUST0074,Cloud Hosting,£928.46,2026-09-01,2026-09-19
INV11812,CUST0074,Microsoft 365 Licences,£750.47,2026-09-01,
INV11813,CUST0075,Data Centre Colocation,"£1,905.56",2025-10-01,2025-10-25
INV11814,CUST0075,Data Centre Colocation,"£2,457.31",2025-11-01,2025-11-26
INV11815,CUST0075,Data Centre Colocation,"£2,154.84",2025-12-01,2025-12-18
INV11816,CUST0075,Data Centre Colocation,£708.26,2026-01-01,2026-01-22
INV11817,CUST0075,Data Centre Colocation,£682.36,2026-02-01,2026-02-23
INV11818,CUST0075,Data Centre Colocation,"£1,729.83",2026-03-01,2026-03-16
INV11819,CUST0075,Data Centre Colocation,"£1,604.80",2026-04-01,2026-04-13
INV11820,CUST0075,Data Centre Colocation,£906.39,2026-05-01,2026-05-27
INV11821,CUST0075,Data Centre Colocation,"£2,063.16",2026-06-01,2026-06-18
INV11822,CUST0075,Data Centre Colocation,"£2,542.08",2026-07-01,2026-07-25
INV11823,CUST0075,Data Centre Colocation,"£1,750.51",2026-08-01,2026-08-08
INV11824,CUST0075,Data Centre Colocation,"£1,044.17",2026-09-01,2026-09-15
INV11825,CUST0076,Leased Line,£702.98,2025-10-01,2025-10-21
INV11826,CUST0076,Data Centre Colocation,"£1,742.88",2025-10-01,2025-10-07
INV11827,CUST0076,Leased Line,£925.56,2025-11-01,2025-11-14
INV11828,CUST0076,Data Centre Colocation,£770.16,2025-11-01,2025-11-22
INV11829,CUST0076,Leased Line,£806.22,2025-12-01,2025-12-28
INV11830,CUST0076,Data Centre Colocation,£860.75,2025-12-01,2025-12-10
INV11831,CUST0076,Leased Line,£854.97,2026-01-01,2026-01-12
INV11832,CUST0076,Data Centre Colocation,"£1,575.72",2026-01-01,2026-01-26
INV11833,CUST0076,Leased Line,£949.90,2026-02-01,2026-02-23
INV11834,CUST0076,Data Centre Colocation,"£1,831.99",2026-02-01,2026-03-01
INV11835,CUST0076,Leased Line,£900.46,2026-03-01,2026-03-13
INV11836,CUST0076,Data Centre Colocation,£743.29,2026-03-01,2026-03-19
INV11837,CUST0076,Leased Line,£689.58,2026-04-01,2026-04-24
INV11838,CUST0076,Data Centre Colocation,£779.19,2026-04-01,2026-04-27
INV11839,CUST0076,Leased Line,£784.26,2026-05-01,2026-05-17
INV11840,CUST0076,Data Centre Colocation,"£1,296.62",2026-05-01,2026-05-16
INV11841,CUST0076,Leased Line,£711.75,2026-06-01,2026-06-26
INV11842,CUST0076,Data Centre Colocation,£648.41,2026-06-01,2026-06-15
INV11843,CUST0076,Leased Line,£527.72,2026-07-01,2026-07-17
INV11844,CUST0076,Data Centre Colocation,"£1,832.44",2026-07-01,2026-07-20
INV11845,CUST0076,Leased Line,"£1,004.34",2026-08-01,2026-08-20
INV11846,CUST0076,Data Centre Colocation,£689.76,2026-08-01,2026-08-13
INV11847,CUST0076,Leased Line,£559.67,2026-09-01,2026-09-17
INV11848,CUST0076,Data Centre Colocation,£911.98,2026-09-01,2026-09-29
INV11849,CUST0077,Hosted VoIP,£712.50,2025-10-01,2025-10-13
INV11850,CUST0077,Hosted VoIP,£863.24,2025-11-01,2025-11-10
INV11851,CUST0077,Hosted VoIP,£805.50,2025-12-01,2025-12-15
INV11852,CUST0077,Hosted VoIP,£189.89,2026-01-01,2026-01-28
INV11853,CUST0077,Hosted VoIP,£759.08,2026-02-01,2026-02-15
INV11854,CUST0077,Hosted VoIP,£504.04,2026-03-01,2026-03-06
INV11855,CUST0077,Hosted VoIP,£418.95,2026-04-01,2026-04-29
INV11856,CUST0077,Hosted VoIP,£567.36,2026-05-01,2026-05-12
INV11857,CUST0077,Hosted VoIP,£573.43,2026-06-01,2026-06-14
INV11858,CUST0077,Hosted VoIP,£575.14,2026-07-01,2026-07-25
INV11859,CUST0077,Hosted VoIP,£705.54,2026-08-01,2026-08-10
INV11860,CUST0077,Hosted VoIP,£680.45,2026-09-01,2026-09-27
INV11861,CUST0078,Managed IT Support,"£1,915.81",2025-10-01,2025-10-07
INV11862,CUST0078,Managed IT Support,"£1,064.19",2025-11-01,2025-12-18
INV11863,CUST0078,Managed IT Support,"£2,451.89",2025-12-01,2025-12-07
INV11864,CUST0078,Managed IT Support,"£1,608.90",2026-01-01,2026-01-08
INV11865,CUST0078,Managed IT Support,"£1,410.48",2026-02-01,2026-05-01
INV11866,CUST0078,Managed IT Support,"£2,773.46",2026-03-01,2026-04-11
INV11867,CUST0078,Managed IT Support,£449.60,2026-04-01,2026-04-26
INV11868,CUST0078,Managed IT Support,"£1,404.96",2026-05-01,2026-05-22
INV11869,CUST0078,Managed IT Support,"£2,939.19",2026-06-01,2026-07-26
INV11870,CUST0078,Managed IT Support,"£1,660.12",2026-07-01,2026-07-08
INV11871,CUST0078,Managed IT Support,£884.69,2026-08-01,2026-08-20
INV11872,CUST0078,Managed IT Support,"£1,857.79",2026-09-01,2026-09-07
INV11873,CUST0079,Microsoft 365 Licences,£306.50,2025-10-01,2025-12-22
INV11874,CUST0079,Microsoft 365 Licences,£201.47,2025-11-01,2025-12-28
INV11875,CUST0079,Microsoft 365 Licences,£342.32,2025-12-01,2026-02-06
INV11876,CUST0079,Microsoft 365 Licences,£285.87,2026-01-01,2026-02-21
INV11877,CUST0079,Microsoft 365 Licences,£713.86,2026-02-01,2026-02-06
INV11878,CUST0079,Microsoft 365 Licences,£760.34,2026-03-01,2026-03-13
INV11879,CUST0079,Microsoft 365 Licences,£197.71,2026-04-01,2026-04-27
INV11880,CUST0079,Microsoft 365 Licences,£187.46,2026-05-01,2026-05-22
INV11881,CUST0079,Microsoft 365 Licences,£772.03,2026-06-01,2026-06-26
INV11882,CUST0079,Microsoft 365 Licences,£577.43,2026-07-01,2026-09-10
INV11883,CUST0079,Microsoft 365 Licences,£198.45,2026-08-01,2026-08-25
INV11884,CUST0079,Microsoft 365 Licences,£323.79,2026-09-01,2026-09-12
INV11885,CUST0080,Leased Line,"£1,255.72",2025-10-01,2025-10-15
INV11886,CUST0080,Microsoft 365 Licences,£578.86,2025-10-01,2025-10-22
INV11887,CUST0080,Data Centre Colocation,"£2,419.13",2025-10-01,2025-10-19
INV11888,CUST0080,Leased Line,"£1,395.47",2025-11-01,2025-11-10
INV11889,CUST0080,Microsoft 365 Licences,£555.92,2025-11-01,2025-11-24
INV11890,CUST0080,Data Centre Colocation,"£2,434.22",2025-11-01,2025-11-16
INV11891,CUST0080,Leased Line,£421.20,2025-12-01,2025-12-23
INV11892,CUST0080,Microsoft 365 Licences,£763.51,2025-12-01,2025-12-09
INV11893,CUST0080,Data Centre Colocation,£968.27,2025-12-01,2025-12-10
INV11894,CUST0080,Leased Line,"£1,113.43",2026-01-01,2026-01-16
INV11895,CUST0080,Microsoft 365 Licences,£714.89,2026-01-01,2026-01-19
INV11896,CUST0080,Data Centre Colocation,"£2,522.39",2026-01-01,2026-01-15
INV11897,CUST0080,Leased Line,£815.15,2026-02-01,2026-02-26
INV11898,CUST0080,Microsoft 365 Licences,£752.61,2026-02-01,2026-02-14
INV11899,CUST0080,Data Centre Colocation,£903.91,2026-02-01,2026-02-12
INV11900,CUST0080,Leased Line,£462.11,2026-03-01,2026-03-11
INV11901,CUST0080,Microsoft 365 Licences,£108.60,2026-03-01,2026-03-25
INV11902,CUST0080,Data Centre Colocation,"£1,833.89",2026-03-01,2026-03-25
INV11903,CUST0080,Leased Line,£945.40,2026-04-01,2026-04-13
INV11904,CUST0080,Microsoft 365 Licences,£513.42,2026-04-01,2026-04-13
INV11905,CUST0080,Data Centre Colocation,"£1,974.76",2026-04-01,2026-04-17
INV11906,CUST0080,Leased Line,£433.45,2026-05-01,2026-05-21
INV11907,CUST0080,Microsoft 365 Licences,£185.20,2026-05-01,2026-05-25
INV11908,CUST0080,Data Centre Colocation,"£1,537.53",2026-05-01,2026-05-26
INV11909,CUST0080,Leased Line,£742.66,2026-06-01,2026-06-18
INV11910,CUST0080,Microsoft 365 Licences,£438.93,2026-06-01,2026-06-10
INV11911,CUST0080,Data Centre Colocation,£927.57,2026-06-01,2026-06-13
INV11912,CUST0080,Leased Line,£383.84,2026-07-01,2026-07-06
INV11913,CUST0080,Microsoft 365 Licences,£747.06,2026-07-01,2026-07-19
INV11914,CUST0080,Data Centre Colocation,"£1,045.11",2026-07-01,2026-07-27
INV11915,CUST0080,Leased Line,"£1,387.66",2026-08-01,2026-08-12
INV11916,CUST0080,Microsoft 365 Licences,£136.96,2026-08-01,2026-08-20
INV11917,CUST0080,Data Centre Colocation,"£2,334.26",2026-08-01,2026-08-21
INV11918,CUST0080,Leased Line,"£1,072.26",2026-09-01,2026-09-20
INV11919,CUST0080,Microsoft 365 Licences,£720.19,2026-09-01,2026-09-19
INV11920,CUST0080,Data Centre Colocation,"£1,409.73",2026-09-01,2026-09-07
INV11921,CUST0081,Data Centre Colocation,"£1,388.30",2025-10-01,2025-10-29
INV11922,CUST0081,Managed IT Support,"£1,887.03",2025-10-01,2025-10-23
INV11923,CUST0081,Cloud Hosting,"£1,274.20",2025-10-01,2025-10-28
INV11924,CUST0081,Data Centre Colocation,"£2,173.84",2025-11-01,2025-11-22
INV11925,CUST0081,Managed IT Support,£684.22,2025-11-01,2025-11-20
INV11926,CUST0081,Cloud Hosting,"£1,862.67",2025-11-01,2025-11-07
INV11927,CUST0081,Data Centre Colocation,"£2,355.56",2025-12-01,2025-12-13
INV11928,CUST0081,Managed IT Support,"£1,748.63",2025-12-01,2025-12-18
INV11929,CUST0081,Cloud Hosting,"£2,168.47",2025-12-01,2025-12-07
INV11930,CUST0081,Data Centre Colocation,"£1,715.40",2026-01-01,2026-01-22
INV11931,CUST0081,Managed IT Support,"£2,389.42",2026-01-01,2026-01-07
INV11932,CUST0081,Cloud Hosting,£620.21,2026-01-01,2026-01-20
INV11933,CUST0081,Data Centre Colocation,"£1,396.08",2026-02-01,2026-02-15
INV11934,CUST0081,Managed IT Support,"£2,411.56",2026-02-01,2026-02-15
INV11935,CUST0081,Cloud Hosting,"£1,149.63",2026-02-01,2026-02-19
INV11936,CUST0081,Data Centre Colocation,"£1,188.84",2026-03-01,2026-03-07
INV11937,CUST0081,Managed IT Support,"£2,193.88",2026-03-01,2026-03-10
INV11938,CUST0081,Cloud Hosting,"£1,153.98",2026-03-01,2026-03-26
INV11939,CUST0081,Data Centre Colocation,"£1,503.40",2026-04-01,2026-04-29
INV11940,CUST0081,Managed IT Support,"£1,701.71",2026-04-01,2026-04-11
INV11941,CUST0081,Cloud Hosting,"£1,768.53",2026-04-01,2026-04-28
INV11942,CUST0081,Data Centre Colocation,"£1,692.81",2026-05-01,2026-05-18
INV11943,CUST0081,Managed IT Support,"£1,475.25",2026-05-01,2026-05-20
INV11944,CUST0081,Cloud Hosting,£298.58,2026-05-01,2026-05-20
INV11945,CUST0081,Data Centre Colocation,"£1,780.63",2026-06-01,2026-06-28
INV11946,CUST0081,Managed IT Support,"£2,729.07",2026-06-01,2026-06-20
INV11947,CUST0081,Cloud Hosting,£425.85,2026-06-01,2026-06-16
INV11948,CUST0081,Data Centre Colocation,"£1,983.43",2026-07-01,2026-07-28
INV11949,CUST0081,Managed IT Support,"£2,470.86",2026-07-01,2026-07-28
INV11950,CUST0081,Cloud Hosting,"£1,679.86",2026-07-01,2026-07-08
INV11951,CUST0081,Data Centre Colocation,£828.33,2026-08-01,2026-08-20
INV11952,CUST0081,Managed IT Support,"£2,048.59",2026-08-01,2026-08-08
INV11953,CUST0081,Cloud Hosting,"£1,271.44",2026-08-01,2026-08-18
INV11954,CUST0081,Data Centre Colocation,"£2,053.75",2026-09-01,2026-09-22
INV11955,CUST0081,Managed IT Support,"£1,991.39",2026-09-01,2026-09-11
INV11956,CUST0081,Cloud Hosting,£988.42,2026-09-01,2026-09-18
INV11957,CUST0082,Leased Line,"£1,307.87",2025-10-01,2025-10-24
INV11958,CUST0082,Leased Line,"£1,264.87",2025-11-01,2025-11-10
INV11959,CUST0082,Leased Line,£520.23,2025-12-01,2025-12-10
INV11960,CUST0082,Leased Line,£537.81,2026-01-01,2026-01-28
INV11961,CUST0082,Leased Line,£403.88,2026-02-01,2026-02-15
INV11962,CUST0082,Leased Line,£674.99,2026-03-01,2026-03-20
INV11963,CUST0082,Leased Line,£653.22,2026-04-01,2026-04-11
INV11964,CUST0082,Leased Line,£473.43,2026-05-01,2026-05-10
INV11965,CUST0082,Leased Line,"£1,358.46",2026-06-01,2026-06-06
INV11966,CUST0082,Leased Line,"£1,003.69",2026-07-01,2026-07-14
INV11967,CUST0082,Leased Line,£362.82,2026-08-01,2026-08-21
INV11968,CUST0082,Leased Line,"£1,248.18",2026-09-01,2026-09-23
INV11969,CUST0083,Microsoft 365 Licences,£716.72,2025-10-01,2025-10-13
INV11970,CUST0083,Microsoft 365 Licences,£243.98,2025-11-01,2025-11-27
INV11971,CUST0083,Microsoft 365 Licences,£427.76,2025-12-01,2025-12-19
INV11972,CUST0083,Microsoft 365 Licences,£403.73,2026-01-01,2026-01-25
INV11973,CUST0083,Microsoft 365 Licences,£516.07,2026-02-01,2026-02-13
INV11974,CUST0083,Microsoft 365 Licences,£716.34,2026-03-01,2026-03-14
INV11975,CUST0083,Microsoft 365 Licences,£530.03,2026-04-01,2026-04-23
INV11976,CUST0083,Microsoft 365 Licences,£672.29,2026-05-01,2026-05-12
INV11977,CUST0083,Microsoft 365 Licences,£124.73,2026-06-01,2026-06-10
INV11978,CUST0083,Microsoft 365 Licences,£129.10,2026-07-01,2026-07-17
INV11979,CUST0083,Microsoft 365 Licences,£116.07,2026-08-01,2026-08-07
INV11980,CUST0083,Microsoft 365 Licences,£563.57,2026-09-01,2026-09-25
INV11981,CUST0084,Cloud Hosting,£345.61,2025-10-01,2025-10-19
INV11982,CUST0084,Hosted VoIP,£895.49,2025-10-01,2025-10-11
INV11983,CUST0084,Cloud Hosting,"£1,560.58",2025-11-01,2025-11-25
INV11984,CUST0084,Hosted VoIP,£655.87,2025-11-01,2025-11-28
INV11985,CUST0084,Cloud Hosting,"£1,410.19",2025-12-01,2025-12-23
INV11986,CUST0084,Hosted VoIP,£307.74,2025-12-01,2025-12-20
INV11987,CUST0084,Cloud Hosting,"£1,711.20",2026-01-01,2026-01-17
INV11988,CUST0084,Hosted VoIP,£850.67,2026-01-01,2026-01-08
INV11989,CUST0084,Cloud Hosting,"£1,748.60",2026-02-01,2026-02-16
INV11990,CUST0084,Hosted VoIP,£445.37,2026-02-01,2026-02-18
INV11991,CUST0084,Cloud Hosting,"£1,849.52",2026-03-01,2026-03-19
INV11992,CUST0084,Hosted VoIP,£787.18,2026-03-01,2026-03-08
INV11993,CUST0084,Cloud Hosting,£821.02,2026-04-01,2026-04-10
INV11994,CUST0084,Hosted VoIP,£267.86,2026-04-01,2026-04-14
INV11995,CUST0084,Cloud Hosting,£891.96,2026-05-01,2026-05-19
INV11996,CUST0084,Hosted VoIP,£557.75,2026-05-01,2026-05-28
INV11997,CUST0084,Cloud Hosting,£657.65,2026-06-01,2026-06-07
INV11998,CUST0084,Hosted VoIP,£258.70,2026-06-01,2026-06-29
INV11999,CUST0084,Cloud Hosting,"£2,159.73",2026-07-01,2026-07-22
INV12000,CUST0084,Hosted VoIP,£890.78,2026-07-01,2026-07-21
INV12001,CUST0084,Cloud Hosting,"£1,661.94",2026-08-01,2026-08-25
INV12002,CUST0084,Hosted VoIP,£852.40,2026-08-01,2026-08-28
INV12003,CUST0084,Cloud Hosting,£810.02,2026-09-01,2026-09-25
INV12004,CUST0084,Hosted VoIP,£790.41,2026-09-01,2026-09-14
INV12005,CUST0085,Microsoft 365 Licences,£748.24,2025-10-01,2025-10-25
INV12006,CUST0085,Data Centre Colocation,"£1,725.27",2025-10-01,2025-10-22
INV12007,CUST0085,Cloud Hosting,"£1,671.91",2025-10-01,2025-10-21
INV12008,CUST0085,Microsoft 365 Licences,£439.68,2025-11-01,2025-11-11
INV12009,CUST0085,Data Centre Colocation,"£2,367.33",2025-11-01,2025-11-13
INV12010,CUST0085,Cloud Hosting,"£1,631.74",2025-11-01,2025-11-12
INV12011,CUST0085,Microsoft 365 Licences,£91.12,2025-12-01,2025-12-06
INV12012,CUST0085,Data Centre Colocation,"£1,529.77",2025-12-01,2025-12-09
INV12013,CUST0085,Cloud Hosting,"£1,688.06",2025-12-01,2025-12-12
INV12014,CUST0085,Microsoft 365 Licences,£657.69,2026-01-01,2026-01-19
INV12015,CUST0085,Data Centre Colocation,"£1,428.08",2026-01-01,2026-01-16
INV12016,CUST0085,Cloud Hosting,£931.82,2026-01-01,2026-01-26
INV12017,CUST0085,Microsoft 365 Licences,£240.76,2026-02-01,2026-02-26
INV12018,CUST0085,Data Centre Colocation,"£1,002.37",2026-02-01,2026-02-15
INV12019,CUST0085,Cloud Hosting,£746.11,2026-02-01,2026-02-08
INV12020,CUST0085,Microsoft 365 Licences,£308.52,2026-03-01,2026-03-22
INV12021,CUST0085,Data Centre Colocation,"£1,699.99",2026-03-01,2026-03-06
INV12022,CUST0085,Cloud Hosting,£471.98,2026-03-01,2026-03-16
INV12023,CUST0085,Microsoft 365 Licences,£332.37,2026-04-01,2026-04-29
INV12024,CUST0085,Data Centre Colocation,"£1,737.84",2026-04-01,2026-04-06
INV12025,CUST0085,Cloud Hosting,"£1,872.48",2026-04-01,2026-04-12
INV12026,CUST0085,Microsoft 365 Licences,£324.67,2026-05-01,2026-05-16
INV12027,CUST0085,Data Centre Colocation,"£2,444.56",2026-05-01,2026-05-21
INV12028,CUST0085,Cloud Hosting,"£2,036.52",2026-05-01,2026-05-07
INV12029,CUST0085,Microsoft 365 Licences,£548.41,2026-06-01,2026-06-21
INV12030,CUST0085,Data Centre Colocation,£910.77,2026-06-01,2026-06-20
INV12031,CUST0085,Cloud Hosting,"£1,989.51",2026-06-01,2026-06-23
INV12032,CUST0085,Microsoft 365 Licences,£726.11,2026-07-01,2026-07-20
INV12033,CUST0085,Data Centre Colocation,"£2,167.98",2026-07-01,2026-07-19
INV12034,CUST0085,Cloud Hosting,"£2,059.19",2026-07-01,2026-07-07
INV12035,CUST0085,Microsoft 365 Licences,£682.93,2026-08-01,2026-08-15
INV12036,CUST0085,Data Centre Colocation,"£1,729.89",2026-08-01,2026-08-27
INV12037,CUST0085,Cloud Hosting,£865.23,2026-08-01,2026-08-23
INV12038,CUST0085,Microsoft 365 Licences,£103.29,2026-09-01,2026-09-24
INV12039,CUST0085,Data Centre Colocation,"£1,970.99",2026-09-01,2026-09-17
INV12040,CUST0085,Cloud Hosting,£379.12,2026-09-01,2026-09-10
INV12041,CUST0086,Hosted VoIP,£888.21,2025-10-01,2025-10-26
INV12042,CUST0086,Cloud Hosting,"£1,291.83",2025-10-01,2025-10-11
INV12043,CUST0086,Hosted VoIP,£591.11,2025-11-01,2025-11-18
INV12044,CUST0086,Cloud Hosting,£615.39,2025-11-01,2025-11-09
INV12045,CUST0086,Hosted VoIP,£802.51,2025-12-01,2025-12-15
INV12046,CUST0086,Cloud Hosting,"£1,625.27",2025-12-01,2025-12-16
INV12047,CUST0086,Hosted VoIP,£691.08,2026-01-01,2026-01-14
INV12048,CUST0086,Cloud Hosting,"£1,057.05",2026-01-01,2026-01-21
INV12049,CUST0086,Hosted VoIP,£811.48,2026-02-01,2026-02-17
INV12050,CUST0086,Cloud Hosting,"£1,131.22",2026-02-01,2026-02-15
INV12051,CUST0086,Hosted VoIP,£335.62,2026-03-01,2026-03-15
INV12052,CUST0086,Cloud Hosting,£591.27,2026-03-01,2026-03-17
INV12053,CUST0086,Hosted VoIP,£745.16,2026-04-01,2026-04-12
INV12054,CUST0086,Cloud Hosting,"£2,031.04",2026-04-01,2026-04-20
INV12055,CUST0086,Hosted VoIP,£544.32,2026-05-01,2026-05-21
INV12056,CUST0086,Cloud Hosting,"£2,014.66",2026-05-01,2026-05-10
INV12057,CUST0086,Hosted VoIP,£316.95,2026-06-01,2026-06-21
INV12058,CUST0086,Cloud Hosting,"£1,678.26",2026-06-01,2026-06-22
INV12059,CUST0086,Hosted VoIP,£403.46,2026-07-01,2026-07-16
INV12060,CUST0086,Cloud Hosting,£529.43,2026-07-01,2026-07-09
INV12061,CUST0086,Hosted VoIP,£771.94,2026-08-01,2026-08-22
INV12062,CUST0086,Cloud Hosting,"£1,569.60",2026-08-01,2026-08-10
INV12063,CUST0086,Hosted VoIP,£327.73,2026-09-01,2026-09-07
INV12064,CUST0086,Cloud Hosting,"£1,145.77",2026-09-01,2026-09-28
INV12065,CUST0087,Hosted VoIP,£851.28,2025-10-01,2025-10-27
INV12066,CUST0087,Data Centre Colocation,"£2,296.25",2025-10-01,2025-10-08
INV12067,CUST0087,Cloud Hosting,£899.92,2025-10-01,2025-10-07
INV12068,CUST0087,Hosted VoIP,£254.23,2025-11-01,2025-11-27
INV12069,CUST0087,Data Centre Colocation,"£2,091.11",2025-11-01,2025-11-06
INV12070,CUST0087,Cloud Hosting,"£1,376.24",2025-11-01,2025-11-15
INV12071,CUST0087,Hosted VoIP,£639.97,2025-12-01,2025-12-12
INV12072,CUST0087,Data Centre Colocation,"£1,241.76",2025-12-01,2025-12-12
INV12073,CUST0087,Cloud Hosting,£808.81,2025-12-01,2025-12-23
INV12074,CUST0087,Hosted VoIP,£409.79,2026-01-01,2026-01-20
INV12075,CUST0087,Data Centre Colocation,"£1,942.25",2026-01-01,2026-01-14
INV12076,CUST0087,Cloud Hosting,£541.18,2026-01-01,2026-01-14
INV12077,CUST0087,Hosted VoIP,£262.41,2026-02-01,2026-02-25
INV12078,CUST0087,Data Centre Colocation,"£1,719.25",2026-02-01,2026-02-09
INV12079,CUST0087,Cloud Hosting,£652.83,2026-02-01,2026-02-17
INV12080,CUST0087,Hosted VoIP,£575.54,2026-03-01,2026-03-14
INV12081,CUST0087,Data Centre Colocation,£883.11,2026-03-01,2026-03-28
INV12082,CUST0087,Cloud Hosting,"£1,817.81",2026-03-01,2026-03-24
INV12083,CUST0087,Hosted VoIP,£356.27,2026-04-01,2026-04-08
INV12084,CUST0087,Data Centre Colocation,"£1,222.76",2026-04-01,2026-04-16
INV12085,CUST0087,Cloud Hosting,"£1,304.13",2026-04-01,2026-04-07
INV12086,CUST0087,Hosted VoIP,£273.65,2026-05-01,2026-05-21
INV12087,CUST0087,Data Centre Colocation,"£2,406.58",2026-05-01,2026-05-07
INV12088,CUST0087,Cloud Hosting,£456.56,2026-05-01,2026-05-07
INV12089,CUST0087,Hosted VoIP,£242.01,2026-06-01,2026-06-18
INV12090,CUST0087,Data Centre Colocation,£957.97,2026-06-01,2026-06-25
INV12091,CUST0087,Cloud Hosting,"£1,987.99",2026-06-01,2026-06-26
INV12092,CUST0087,Hosted VoIP,£782.05,2026-07-01,2026-07-28
INV12093,CUST0087,Data Centre Colocation,"£1,491.67",2026-07-01,2026-07-17
INV12094,CUST0087,Cloud Hosting,£859.26,2026-07-01,2026-07-12
INV12095,CUST0087,Hosted VoIP,£693.29,2026-08-01,2026-08-27
INV12096,CUST0087,Data Centre Colocation,"£2,218.60",2026-08-01,2026-08-08
INV12097,CUST0087,Cloud Hosting,"£2,148.68",2026-08-01,2026-08-20
INV12098,CUST0087,Hosted VoIP,£588.81,2026-09-01,2026-09-08
INV12099,CUST0087,Data Centre Colocation,"£2,225.70",2026-09-01,2026-09-28
INV12100,CUST0087,Cloud Hosting,"£1,163.14",2026-09-01,2026-09-20
INV12101,CUST0088,Data Centre Colocation,"£1,541.09",2025-10-01,2025-10-10
INV12102,CUST0088,Managed IT Support,"£2,638.85",2025-10-01,2025-10-17
INV12103,CUST0088,Data Centre Colocation,"£1,384.15",2025-11-01,2025-11-27
INV12104,CUST0088,Managed IT Support,"£1,258.85",2025-11-01,2025-11-16
INV12105,CUST0088,Data Centre Colocation,"£1,506.57",2025-12-01,2026-02-04
INV12106,CUST0088,Managed IT Support,£693.51,2025-12-01,2026-02-28
INV12107,CUST0088,Data Centre Colocation,£941.60,2026-01-01,2026-01-25
INV12108,CUST0088,Managed IT Support,"£1,894.16",2026-01-01,2026-01-18
INV12109,CUST0088,Data Centre Colocation,"£2,235.11",2026-02-01,2026-02-16
INV12110,CUST0088,Managed IT Support,"£1,845.99",2026-02-01,2026-03-27
INV12111,CUST0088,Data Centre Colocation,"£1,665.49",2026-03-01,2026-05-01
INV12112,CUST0088,Managed IT Support,"£1,020.30",2026-03-01,2026-04-15
INV12113,CUST0088,Data Centre Colocation,"£2,547.78",2026-04-01,2026-05-27
INV12114,CUST0088,Managed IT Support,£941.42,2026-04-01,2026-04-19
INV12115,CUST0088,Data Centre Colocation,"£2,168.63",2026-05-01,2026-07-25
INV12116,CUST0088,Managed IT Support,"£1,289.72",2026-05-01,2026-05-11
INV12117,CUST0088,Data Centre Colocation,"£1,925.22",2026-06-01,2026-08-20
INV12118,CUST0088,Managed IT Support,"£1,892.89",2026-06-01,2026-08-12
INV12119,CUST0088,Data Centre Colocation,"£1,792.15",2026-07-01,2026-08-11
INV12120,CUST0088,Managed IT Support,"£2,537.26",2026-07-01,2026-08-30
INV12121,CUST0088,Data Centre Colocation,£739.22,2026-08-01,
INV12122,CUST0088,Managed IT Support,"£2,516.57",2026-08-01,2026-08-18
INV12123,CUST0088,Data Centre Colocation,"£1,254.82",2026-09-01,2026-09-07
INV12124,CUST0088,Managed IT Support,£635.39,2026-09-01,2026-09-24
INV12125,CUST0089,Hosted VoIP,£506.14,2025-10-01,2025-10-15
INV12126,CUST0089,Leased Line,£759.48,2025-10-01,2025-10-24
INV12127,CUST0089,Microsoft 365 Licences,£407.48,2025-10-01,2025-10-12
INV12128,CUST0089,Hosted VoIP,£670.69,2025-11-01,2025-11-16
INV12129,CUST0089,Leased Line,£664.72,2025-11-01,2025-11-27
INV12130,CUST0089,Microsoft 365 Licences,£306.23,2025-11-01,2025-11-19
INV12131,CUST0089,Hosted VoIP,£696.81,2025-12-01,2025-12-17
INV12132,CUST0089,Leased Line,"£1,389.80",2025-12-01,2025-12-24
INV12133,CUST0089,Microsoft 365 Licences,£95.76,2025-12-01,2025-12-22
INV12134,CUST0089,Hosted VoIP,£471.02,2026-01-01,2026-01-10
INV12135,CUST0089,Leased Line,"£1,245.13",2026-01-01,2026-01-07
INV12136,CUST0089,Microsoft 365 Licences,£352.15,2026-01-01,2026-01-23
INV12137,CUST0089,Hosted VoIP,£876.89,2026-02-01,2026-02-06
INV12138,CUST0089,Leased Line,"£1,088.52",2026-02-01,2026-02-17
INV12139,CUST0089,Microsoft 365 Licences,£167.89,2026-02-01,2026-02-15
INV12140,CUST0089,Hosted VoIP,£803.29,2026-03-01,2026-03-13
INV12141,CUST0089,Leased Line,£803.30,2026-03-01,2026-03-24
INV12142,CUST0089,Microsoft 365 Licences,£369.93,2026-03-01,2026-03-16
INV12143,CUST0089,Hosted VoIP,£692.48,2026-04-01,2026-04-18
INV12144,CUST0089,Leased Line,£750.64,2026-04-01,2026-04-23
INV12145,CUST0089,Microsoft 365 Licences,£239.96,2026-04-01,2026-04-11
INV12146,CUST0089,Hosted VoIP,£521.91,2026-05-01,2026-05-12
INV12147,CUST0089,Leased Line,£933.19,2026-05-01,2026-05-17
INV12148,CUST0089,Microsoft 365 Licences,£686.37,2026-05-01,2026-05-10
INV12149,CUST0089,Hosted VoIP,£387.70,2026-06-01,2026-06-27
INV12150,CUST0089,Leased Line,£481.83,2026-06-01,2026-06-06
INV12151,CUST0089,Microsoft 365 Licences,£140.94,2026-06-01,2026-06-06
INV12152,CUST0089,Hosted VoIP,£283.68,2026-07-01,2026-07-21
INV12153,CUST0089,Leased Line,"£1,040.82",2026-07-01,2026-07-10
INV12154,CUST0089,Microsoft 365 Licences,£150.11,2026-07-01,2026-07-26
INV12155,CUST0089,Hosted VoIP,£760.28,2026-08-01,2026-08-20
INV12156,CUST0089,Leased Line,"£1,288.26",2026-08-01,2026-08-28
INV12157,CUST0089,Microsoft 365 Licences,£519.14,2026-08-01,2026-08-19
INV12158,CUST0089,Hosted VoIP,£628.74,2026-09-01,2026-09-20
INV12159,CUST0089,Leased Line,£884.89,2026-09-01,2026-09-23
INV12160,CUST0089,Microsoft 365 Licences,£672.25,2026-09-01,2026-09-18
INV12161,CUST0090,Leased Line,£796.01,2025-10-01,2025-10-06
INV12162,CUST0090,Data Centre Colocation,"£1,755.88",2025-10-01,2025-10-29
INV12163,CUST0090,Leased Line,£598.59,2025-11-01,2025-11-22
INV12164,CUST0090,Data Centre Colocation,"£1,138.50",2025-11-01,2025-11-23
INV12165,CUST0090,Leased Line,£955.17,2025-12-01,2025-12-07
INV12166,CUST0090,Data Centre Colocation,"£2,556.47",2025-12-01,2025-12-24
INV12167,CUST0090,Leased Line,£857.43,2026-01-01,2026-01-17
INV12168,CUST0090,Data Centre Colocation,£826.33,2026-01-01,2026-01-21
INV12169,CUST0090,Leased Line,"£1,359.82",2026-02-01,2026-02-08
INV12170,CUST0090,Data Centre Colocation,£884.17,2026-02-01,2026-03-01
INV12171,CUST0090,Leased Line,£902.73,2026-03-01,2026-03-14
INV12172,CUST0090,Data Centre Colocation,"£1,529.87",2026-03-01,2026-03-08
INV12173,CUST0090,Leased Line,£899.52,2026-04-01,2026-04-25
INV12174,CUST0090,Data Centre Colocation,£776.89,2026-04-01,2026-04-21
INV12175,CUST0090,Leased Line,"£1,012.20",2026-05-01,2026-05-27
INV12176,CUST0090,Data Centre Colocation,"£2,520.82",2026-05-01,2026-05-08
INV12177,CUST0090,Leased Line,"£1,068.28",2026-06-01,2026-06-23
INV12178,CUST0090,Data Centre Colocation,"£2,196.20",2026-06-01,2026-06-15
INV12179,CUST0090,Leased Line,£993.69,2026-07-01,2026-07-16
INV12180,CUST0090,Data Centre Colocation,"£1,670.07",2026-07-01,2026-07-06
INV12181,CUST0090,Leased Line,£842.31,2026-08-01,2026-08-22
INV12182,CUST0090,Data Centre Colocation,"£2,412.11",2026-08-01,2026-08-24
INV12183,CUST0090,Leased Line,"£1,120.51",2026-09-01,2026-09-19
INV12184,CUST0090,Data Centre Colocation,"£1,305.83",2026-09-01,2026-09-15
INV12185,CUST0091,Leased Line,"£1,079.80",2025-10-01,2025-10-15
INV12186,CUST0091,Hosted VoIP,£703.42,2025-10-01,2025-10-07
INV12187,CUST0091,Leased Line,"£1,010.77",2025-11-01,2025-11-24
INV12188,CUST0091,Hosted VoIP,£217.17,2025-11-01,2025-11-29
INV12189,CUST0091,Leased Line,"£1,005.53",2025-12-01,2026-01-10
INV12190,CUST0091,Hosted VoIP,£271.31,2025-12-01,2026-02-24
INV12191,CUST0091,Leased Line,£641.74,2026-01-01,2026-02-22
INV12192,CUST0091,Hosted VoIP,£378.16,2026-01-01,2026-03-24
INV12193,CUST0091,Leased Line,£467.13,2026-02-01,2026-04-14
INV12194,CUST0091,Hosted VoIP,£712.06,2026-02-01,2026-02-17
INV12195,CUST0091,Leased Line,"£1,198.23",2026-03-01,2026-05-19
INV12196,CUST0091,Hosted VoIP,£350.06,2026-03-01,2026-05-08
INV12197,CUST0091,Leased Line,"£1,255.12",2026-04-01,2026-05-11
INV12198,CUST0091,Hosted VoIP,£876.49,2026-04-01,2026-04-10
INV12199,CUST0091,Leased Line,"£1,229.49",2026-05-01,2026-05-19
INV12200,CUST0091,Hosted VoIP,£734.66,2026-05-01,2026-07-03
INV12201,CUST0091,Leased Line,"£1,112.30",2026-06-01,2026-08-11
INV12202,CUST0091,Hosted VoIP,£708.74,2026-06-01,2026-08-16
INV12203,CUST0091,Leased Line,£627.62,2026-07-01,2026-07-07
INV12204,CUST0091,Hosted VoIP,£300.67,2026-07-01,2026-08-24
INV12205,CUST0091,Leased Line,£850.08,2026-08-01,2026-08-23
INV12206,CUST0091,Hosted VoIP,£348.24,2026-08-01,2026-08-18
INV12207,CUST0091,Leased Line,£848.32,2026-09-01,
INV12208,CUST0091,Hosted VoIP,£806.60,2026-09-01,
INV12209,CUST0092,Managed IT Support,"£2,900.58",2025-10-01,2025-10-27
INV12210,CUST0092,Cloud Hosting,"£2,113.95",2025-10-01,2025-10-09
INV12211,CUST0092,Managed IT Support,"£2,786.05",2025-11-01,2025-11-26
INV12212,CUST0092,Cloud Hosting,£939.96,2025-11-01,2025-11-19
INV12213,CUST0092,Managed IT Support,"£1,987.26",2025-12-01,2025-12-26
INV12214,CUST0092,Cloud Hosting,"£1,923.79",2025-12-01,2025-12-16
INV12215,CUST0092,Managed IT Support,"£1,102.85",2026-01-01,2026-01-09
INV12216,CUST0092,Cloud Hosting,£747.92,2026-01-01,2026-01-24
INV12217,CUST0092,Managed IT Support,"£1,417.00",2026-02-01,2026-02-27
INV12218,CUST0092,Cloud Hosting,"£1,710.73",2026-02-01,2026-03-01
INV12219,CUST0092,Managed IT Support,"£2,146.91",2026-03-01,2026-03-12
INV12220,CUST0092,Cloud Hosting,"£1,263.91",2026-03-01,2026-03-27
INV12221,CUST0092,Managed IT Support,"£2,194.72",2026-04-01,2026-04-11
INV12222,CUST0092,Cloud Hosting,£860.88,2026-04-01,2026-04-06
INV12223,CUST0092,Managed IT Support,"£2,149.28",2026-05-01,2026-05-08
INV12224,CUST0092,Cloud Hosting,£273.32,2026-05-01,2026-05-09
INV12225,CUST0092,Managed IT Support,"£1,765.69",2026-06-01,2026-06-27
INV12226,CUST0092,Cloud Hosting,"£1,119.59",2026-06-01,2026-06-13
INV12227,CUST0092,Managed IT Support,"£2,285.65",2026-07-01,2026-07-14
INV12228,CUST0092,Cloud Hosting,£626.51,2026-07-01,2026-07-06
INV12229,CUST0092,Managed IT Support,"£2,010.43",2026-08-01,2026-08-07
INV12230,CUST0092,Cloud Hosting,"£2,080.09",2026-08-01,2026-08-27
INV12231,CUST0092,Managed IT Support,"£2,724.31",2026-09-01,2026-09-12
INV12232,CUST0092,Cloud Hosting,"£2,103.45",2026-09-01,2026-09-26
INV12233,CUST0093,Data Centre Colocation,"£2,515.59",2025-10-01,2025-12-13
INV12234,CUST0093,Data Centre Colocation,£859.81,2025-11-01,2025-11-26
INV12235,CUST0093,Data Centre Colocation,"£1,732.14",2025-12-01,2025-12-09
INV12236,CUST0093,Data Centre Colocation,"£1,991.31",2026-01-01,2026-03-06
INV12237,CUST0093,Data Centre Colocation,"£1,920.96",2026-02-01,2026-04-06
INV12238,CUST0093,Data Centre Colocation,"£2,445.39",2026-03-01,2026-05-02
INV12239,CUST0093,Data Centre Colocation,"£1,984.44",2026-04-01,2026-04-16
INV12240,CUST0093,Data Centre Colocation,"£1,114.67",2026-05-01,2026-05-14
INV12241,CUST0093,Data Centre Colocation,"£2,154.21",2026-06-01,2026-07-27
INV12242,CUST0093,Data Centre Colocation,"£2,591.92",2026-07-01,2026-09-26
INV12243,CUST0093,Data Centre Colocation,"£1,129.33",2026-08-01,
INV12244,CUST0093,Data Centre Colocation,"£1,583.44",2026-09-01,2026-09-25
INV12245,CUST0094,Leased Line,£463.85,2025-10-01,2025-10-23
INV12246,CUST0094,Managed IT Support,"£2,398.64",2025-10-01,2025-10-12
INV12247,CUST0094,Leased Line,£994.66,2025-11-01,2025-11-09
INV12248,CUST0094,Managed IT Support,"£2,772.78",2025-11-01,2025-11-28
INV12249,CUST0094,Leased Line,£621.95,2025-12-01,2025-12-07
INV12250,CUST0094,Managed IT Support,£589.59,2025-12-01,2025-12-24
INV12251,CUST0094,Leased Line,"£1,113.92",2026-01-01,2026-01-20
INV12252,CUST0094,Managed IT Support,£448.79,2026-01-01,2026-01-21
INV12253,CUST0094,Leased Line,£506.30,2026-02-01,2026-02-26
INV12254,CUST0094,Managed IT Support,£402.26,2026-02-01,2026-02-07
INV12255,CUST0094,Leased Line,"£1,047.84",2026-03-01,2026-03-14
INV12256,CUST0094,Managed IT Support,£794.18,2026-03-01,2026-03-16
INV12257,CUST0094,Leased Line,"£1,299.85",2026-04-01,2026-04-24
INV12258,CUST0094,Managed IT Support,£409.63,2026-04-01,2026-04-28
INV12259,CUST0094,Leased Line,"£1,336.91",2026-05-01,2026-05-21
INV12260,CUST0094,Managed IT Support,"£1,643.16",2026-05-01,2026-05-18
INV12261,CUST0094,Leased Line,"£1,236.25",2026-06-01,2026-06-08
INV12262,CUST0094,Managed IT Support,"£1,804.33",2026-06-01,2026-06-06
INV12263,CUST0094,Leased Line,£753.65,2026-07-01,2026-07-28
INV12264,CUST0094,Managed IT Support,"£2,526.74",2026-07-01,2026-07-21
INV12265,CUST0094,Leased Line,£477.26,2026-08-01,2026-08-23
INV12266,CUST0094,Managed IT Support,"£2,831.11",2026-08-01,2026-08-17
INV12267,CUST0094,Leased Line,£700.11,2026-09-01,2026-09-15
INV12268,CUST0094,Managed IT Support,"£1,441.60",2026-09-01,2026-09-26
INV12269,CUST0095,Hosted VoIP,£237.93,2025-10-01,2025-10-20
INV12270,CUST0095,Cloud Hosting,"£1,732.88",2025-10-01,2025-10-15
INV12271,CUST0095,Microsoft 365 Licences,£549.93,2025-10-01,2025-10-11
INV12272,CUST0095,Hosted VoIP,£579.22,2025-11-01,2025-11-18
INV12273,CUST0095,Cloud Hosting,"£1,538.43",2025-11-01,2025-11-15
INV12274,CUST0095,Microsoft 365 Licences,£584.08,2025-11-01,2025-11-09
INV12275,CUST0095,Hosted VoIP,£634.04,2025-12-01,2025-12-17
INV12276,CUST0095,Cloud Hosting,"£1,198.68",2025-12-01,2025-12-26
INV12277,CUST0095,Microsoft 365 Licences,£400.97,2025-12-01,2025-12-12
INV12278,CUST0095,Hosted VoIP,£280.76,2026-01-01,2026-01-12
INV12279,CUST0095,Cloud Hosting,£299.46,2026-01-01,2026-01-24
INV12280,CUST0095,Microsoft 365 Licences,£259.32,2026-01-01,2026-01-18
INV12281,CUST0095,Hosted VoIP,£225.35,2026-02-01,2026-02-23
INV12282,CUST0095,Cloud Hosting,"£1,504.64",2026-02-01,2026-02-21
INV12283,CUST0095,Microsoft 365 Licences,£469.10,2026-02-01,2026-02-20
INV12284,CUST0095,Hosted VoIP,£875.93,2026-03-01,2026-03-06
INV12285,CUST0095,Cloud Hosting,£322.23,2026-03-01,2026-03-07
INV12286,CUST0095,Microsoft 365 Licences,£329.78,2026-03-01,2026-03-29
INV12287,CUST0095,Hosted VoIP,£210.83,2026-04-01,2026-04-09
INV12288,CUST0095,Cloud Hosting,£662.77,2026-04-01,2026-04-26
INV12289,CUST0095,Microsoft 365 Licences,£563.79,2026-04-01,2026-04-20
INV12290,CUST0095,Hosted VoIP,£856.86,2026-05-01,2026-05-23
INV12291,CUST0095,Cloud Hosting,£540.46,2026-05-01,2026-05-24
INV12292,CUST0095,Microsoft 365 Licences,£255.42,2026-05-01,2026-05-08
INV12293,CUST0095,Hosted VoIP,£206.55,2026-06-01,2026-06-10
INV12294,CUST0095,Cloud Hosting,"£1,203.34",2026-06-01,2026-06-06
INV12295,CUST0095,Microsoft 365 Licences,£424.57,2026-06-01,2026-06-25
INV12296,CUST0095,Hosted VoIP,£212.98,2026-07-01,2026-07-28
INV12297,CUST0095,Cloud Hosting,"£1,515.13",2026-07-01,2026-07-06
INV12298,CUST0095,Microsoft 365 Licences,£212.30,2026-07-01,2026-07-07
INV12299,CUST0095,Hosted VoIP,£831.36,2026-08-01,2026-08-09
INV12300,CUST0095,Cloud Hosting,"£1,139.56",2026-08-01,2026-08-11
INV12301,CUST0095,Microsoft 365 Licences,£683.10,2026-08-01,2026-08-08
INV12302,CUST0095,Hosted VoIP,£768.82,2026-09-01,2026-09-09
INV12303,CUST0095,Cloud Hosting,£472.65,2026-09-01,2026-09-25
INV12304,CUST0095,Microsoft 365 Licences,£657.41,2026-09-01,2026-09-13
INV12305,CUST0096,Leased Line,£797.52,2025-10-01,2025-10-29
INV12306,CUST0096,Leased Line,"£1,062.32",2025-11-01,2025-11-16
INV12307,CUST0096,Leased Line,£476.84,2025-12-01,2025-12-27
INV12308,CUST0096,Leased Line,£954.77,2026-01-01,2026-01-10
INV12309,CUST0096,Leased Line,£687.67,2026-02-01,2026-02-12
INV12310,CUST0096,Leased Line,"£1,152.44",2026-03-01,2026-03-24
INV12311,CUST0096,Leased Line,£532.12,2026-04-01,2026-04-08
INV12312,CUST0096,Leased Line,£476.78,2026-05-01,2026-05-10
INV12313,CUST0096,Leased Line,"£1,145.43",2026-06-01,2026-06-11
INV12314,CUST0096,Leased Line,"£1,081.11",2026-07-01,2026-07-23
INV12315,CUST0096,Leased Line,£523.26,2026-08-01,2026-08-13
INV12316,CUST0096,Leased Line,"£1,321.96",2026-09-01,2026-09-07
INV12317,CUST0097,Hosted VoIP,£749.56,2025-10-01,2025-10-26
INV12318,CUST0097,Hosted VoIP,£620.96,2025-11-01,2025-11-11
INV12319,CUST0097,Hosted VoIP,£191.25,2025-12-01,2025-12-21
INV12320,CUST0097,Hosted VoIP,£238.12,2026-01-01,2026-01-06
INV12321,CUST0097,Hosted VoIP,£309.18,2026-02-01,2026-02-08
INV12322,CUST0097,Hosted VoIP,£688.85,2026-03-01,2026-03-24
INV12323,CUST0097,Hosted VoIP,£818.58,2026-04-01,2026-04-19
INV12324,CUST0097,Hosted VoIP,£679.32,2026-05-01,2026-05-21
INV12325,CUST0097,Hosted VoIP,£678.50,2026-06-01,2026-06-12
INV12326,CUST0097,Hosted VoIP,£283.02,2026-07-01,2026-07-14
INV12327,CUST0097,Hosted VoIP,£556.62,2026-08-01,2026-08-19
INV12328,CUST0097,Hosted VoIP,£352.26,2026-09-01,2026-09-11
INV12329,CUST0098,Data Centre Colocation,"£2,034.40",2025-10-01,2025-10-08
INV12330,CUST0098,Hosted VoIP,£631.58,2025-10-01,2025-10-17
INV12331,CUST0098,Leased Line,£789.73,2025-10-01,2025-10-12
INV12332,CUST0098,Data Centre Colocation,£835.02,2025-11-01,2025-11-09
INV12333,CUST0098,Hosted VoIP,£625.62,2025-11-01,2025-11-23
INV12334,CUST0098,Leased Line,£882.92,2025-11-01,2026-01-15
INV12335,CUST0098,Data Centre Colocation,"£1,918.65",2025-12-01,2026-01-17
INV12336,CUST0098,Hosted VoIP,£261.13,2025-12-01,2026-02-28
INV12337,CUST0098,Leased Line,"£1,367.00",2025-12-01,2026-01-16
INV12338,CUST0098,Data Centre Colocation,£919.52,2026-01-01,2026-01-07
INV12339,CUST0098,Hosted VoIP,£644.30,2026-01-01,2026-03-04
INV12340,CUST0098,Leased Line,£613.95,2026-01-01,2026-01-20
INV12341,CUST0098,Data Centre Colocation,£686.63,2026-02-01,2026-02-23
INV12342,CUST0098,Hosted VoIP,£306.64,2026-02-01,2026-02-21
INV12343,CUST0098,Leased Line,£890.65,2026-02-01,2026-03-23
INV12344,CUST0098,Data Centre Colocation,"£2,042.81",2026-03-01,2026-03-16
INV12345,CUST0098,Hosted VoIP,£481.73,2026-03-01,2026-03-16
INV12346,CUST0098,Leased Line,£591.57,2026-03-01,2026-04-19
INV12347,CUST0098,Data Centre Colocation,£796.13,2026-04-01,2026-04-12
INV12348,CUST0098,Hosted VoIP,£450.38,2026-04-01,2026-06-05
INV12349,CUST0098,Leased Line,£964.35,2026-04-01,2026-06-02
INV12350,CUST0098,Data Centre Colocation,£889.88,2026-05-01,2026-05-20
INV12351,CUST0098,Hosted VoIP,£308.20,2026-05-01,2026-07-04
INV12352,CUST0098,Leased Line,"£1,105.81",2026-05-01,2026-05-14
INV12353,CUST0098,Data Centre Colocation,"£1,004.42",2026-06-01,2026-08-19
INV12354,CUST0098,Hosted VoIP,£589.44,2026-06-01,2026-07-13
INV12355,CUST0098,Leased Line,"£1,244.23",2026-06-01,2026-07-16
INV12356,CUST0098,Data Centre Colocation,"£2,120.68",2026-07-01,2026-08-23
INV12357,CUST0098,Hosted VoIP,£614.62,2026-07-01,2026-07-26
INV12358,CUST0098,Leased Line,"£1,350.40",2026-07-01,2026-07-24
INV12359,CUST0098,Data Centre Colocation,"£2,540.27",2026-08-01,2026-08-08
INV12360,CUST0098,Hosted VoIP,£476.42,2026-08-01,2026-08-12
INV12361,CUST0098,Leased Line,£971.16,2026-08-01,2026-08-14
INV12362,CUST0098,Data Centre Colocation,£629.01,2026-09-01,
INV12363,CUST0098,Hosted VoIP,£808.27,2026-09-01,
INV12364,CUST0098,Leased Line,£805.96,2026-09-01,
INV12365,CUST0099,Leased Line,£788.66,2025-10-01,2025-10-07
INV12366,CUST0099,Microsoft 365 Licences,£118.44,2025-10-01,2025-10-21
INV12367,CUST0099,Hosted VoIP,£708.10,2025-10-01,2025-10-22
INV12368,CUST0099,Leased Line,£385.30,2025-11-01,2025-11-22
INV12369,CUST0099,Microsoft 365 Licences,£369.97,2025-11-01,2025-11-28
INV12370,CUST0099,Hosted VoIP,£771.33,2025-11-01,2025-11-20
INV12371,CUST0099,Leased Line,£870.05,2025-12-01,2025-12-08
INV12372,CUST0099,Microsoft 365 Licences,£486.53,2025-12-01,2025-12-06
INV12373,CUST0099,Hosted VoIP,£679.08,2025-12-01,2025-12-19
INV12374,CUST0099,Leased Line,"£1,347.43",2026-01-01,2026-01-10
INV12375,CUST0099,Microsoft 365 Licences,£344.47,2026-01-01,2026-01-13
INV12376,CUST0099,Hosted VoIP,£646.30,2026-01-01,2026-01-08
INV12377,CUST0099,Leased Line,£366.73,2026-02-01,2026-02-27
INV12378,CUST0099,Microsoft 365 Licences,£306.43,2026-02-01,2026-02-28
INV12379,CUST0099,Hosted VoIP,£510.68,2026-02-01,2026-02-24
INV12380,CUST0099,Leased Line,"£1,134.65",2026-03-01,2026-03-06
INV12381,CUST0099,Microsoft 365 Licences,£783.26,2026-03-01,2026-03-20
INV12382,CUST0099,Hosted VoIP,£735.72,2026-03-01,2026-03-28
INV12383,CUST0099,Leased Line,£775.63,2026-04-01,2026-04-17
INV12384,CUST0099,Microsoft 365 Licences,£535.04,2026-04-01,2026-04-28
INV12385,CUST0099,Hosted VoIP,£636.05,2026-04-01,2026-04-26
INV12386,CUST0099,Leased Line,£424.23,2026-05-01,2026-05-28
INV12387,CUST0099,Microsoft 365 Licences,£326.36,2026-05-01,2026-05-07
INV12388,CUST0099,Hosted VoIP,£393.54,2026-05-01,2026-05-14
INV12389,CUST0099,Leased Line,"£1,082.96",2026-06-01,2026-06-25
INV12390,CUST0099,Microsoft 365 Licences,£475.13,2026-06-01,2026-06-12
INV12391,CUST0099,Hosted VoIP,£747.14,2026-06-01,2026-06-08
INV12392,CUST0099,Leased Line,"£1,001.48",2026-07-01,2026-07-16
INV12393,CUST0099,Microsoft 365 Licences,£612.39,2026-07-01,2026-07-07
INV12394,CUST0099,Hosted VoIP,£550.61,2026-07-01,2026-07-27
INV12395,CUST0099,Leased Line,£732.19,2026-08-01,2026-08-07
INV12396,CUST0099,Microsoft 365 Licences,£168.79,2026-08-01,2026-08-17
INV12397,CUST0099,Hosted VoIP,£515.05,2026-08-01,2026-08-07
INV12398,CUST0099,Leased Line,£733.85,2026-09-01,2026-09-11
INV12399,CUST0099,Microsoft 365 Licences,£550.20,2026-09-01,2026-09-28
INV12400,CUST0099,Hosted VoIP,£228.24,2026-09-01,2026-09-28
INV12401,CUST0100,Leased Line,"£1,380.31",2025-10-01,2025-11-12
INV12402,CUST0100,Leased Line,"£1,031.49",2025-11-01,2025-11-24
INV12403,CUST0100,Leased Line,"£1,264.69",2025-12-01,2025-12-29
INV12404,CUST0100,Leased Line,"£1,148.93",2026-01-01,2026-02-22
INV12405,CUST0100,Leased Line,£878.74,2026-02-01,2026-03-11
INV12406,CUST0100,Leased Line,£416.54,2026-03-01,2026-05-06
INV12407,CUST0100,Leased Line,£876.52,2026-04-01,2026-04-21
INV12408,CUST0100,Leased Line,"£1,095.32",2026-05-01,2026-05-23
INV12409,CUST0100,Leased Line,"£1,294.42",2026-06-01,2026-07-29
INV12410,CUST0100,Leased Line,"£1,189.90",2026-07-01,2026-07-08
INV12411,CUST0100,Leased Line,£547.77,2026-08-01,2026-08-08
INV12412,CUST0100,Leased Line,£434.18,2026-09-01,2026-09-15
INV12413,CUST0101,Hosted VoIP,£298.63,2025-10-01,2025-10-09
INV12414,CUST0101,Hosted VoIP,£681.90,2025-11-01,2025-11-21
INV12415,CUST0101,Hosted VoIP,£288.36,2025-12-01,2025-12-12
INV12416,CUST0101,Hosted VoIP,£554.90,2026-01-01,2026-01-26
INV12417,CUST0101,Hosted VoIP,£196.34,2026-02-01,2026-02-19
INV12418,CUST0101,Hosted VoIP,£878.09,2026-03-01,2026-03-23
INV12419,CUST0101,Hosted VoIP,£850.84,2026-04-01,2026-04-21
INV12420,CUST0101,Hosted VoIP,£429.62,2026-05-01,2026-05-20
INV12421,CUST0101,Hosted VoIP,£711.15,2026-06-01,2026-06-06
INV12422,CUST0101,Hosted VoIP,£389.89,2026-07-01,2026-07-08
INV12423,CUST0101,Hosted VoIP,£195.87,2026-08-01,2026-08-13
INV12424,CUST0101,Hosted VoIP,£781.16,2026-09-01,2026-09-22
INV12425,CUST0102,Cloud Hosting,"£1,528.73",2025-10-01,2025-10-16
INV12426,CUST0102,Managed IT Support,"£1,663.99",2025-10-01,2025-10-27
INV12427,CUST0102,Data Centre Colocation,"£1,993.73",2025-10-01,2025-10-23
INV12428,CUST0102,Cloud Hosting,"£1,118.25",2025-11-01,2025-11-15
INV12429,CUST0102,Managed IT Support,"£1,874.85",2025-11-01,2025-11-15
INV12430,CUST0102,Data Centre Colocation,£943.47,2025-11-01,2025-11-14
INV12431,CUST0102,Cloud Hosting,£692.22,2025-12-01,2025-12-17
INV12432,CUST0102,Managed IT Support,"£2,923.88",2025-12-01,2025-12-07
INV12433,CUST0102,Data Centre Colocation,£896.68,2025-12-01,2025-12-15
INV12434,CUST0102,Cloud Hosting,"£1,139.06",2026-01-01,2026-01-11
INV12435,CUST0102,Managed IT Support,"£2,008.44",2026-01-01,2026-01-11
INV12436,CUST0102,Data Centre Colocation,"£2,023.62",2026-01-01,2026-01-15
INV12437,CUST0102,Cloud Hosting,£605.45,2026-02-01,2026-02-11
INV12438,CUST0102,Managed IT Support,"£2,582.26",2026-02-01,2026-02-28
INV12439,CUST0102,Data Centre Colocation,"£2,409.42",2026-02-01,2026-02-10
INV12440,CUST0102,Cloud Hosting,£564.45,2026-03-01,2026-03-09
INV12441,CUST0102,Managed IT Support,£506.99,2026-03-01,2026-03-16
INV12442,CUST0102,Data Centre Colocation,"£1,749.05",2026-03-01,2026-03-20
INV12443,CUST0102,Cloud Hosting,£757.79,2026-04-01,2026-04-11
INV12444,CUST0102,Managed IT Support,£933.40,2026-04-01,2026-04-28
INV12445,CUST0102,Data Centre Colocation,£669.38,2026-04-01,2026-04-16
INV12446,CUST0102,Cloud Hosting,"£2,157.14",2026-05-01,2026-05-10
INV12447,CUST0102,Managed IT Support,"£1,369.58",2026-05-01,2026-05-23
INV12448,CUST0102,Data Centre Colocation,"£2,550.93",2026-05-01,2026-05-23
INV12449,CUST0102,Cloud Hosting,£838.04,2026-06-01,2026-06-06
INV12450,CUST0102,Managed IT Support,"£1,451.86",2026-06-01,2026-06-21
INV12451,CUST0102,Data Centre Colocation,"£2,137.04",2026-06-01,2026-06-20
INV12452,CUST0102,Cloud Hosting,"£2,059.23",2026-07-01,2026-07-10
INV12453,CUST0102,Managed IT Support,£411.17,2026-07-01,2026-07-29
INV12454,CUST0102,Data Centre Colocation,"£1,692.29",2026-07-01,2026-07-22
INV12455,CUST0102,Cloud Hosting,£896.00,2026-08-01,2026-08-28
INV12456,CUST0102,Managed IT Support,"£1,168.45",2026-08-01,2026-08-15
INV12457,CUST0102,Data Centre Colocation,"£2,539.21",2026-08-01,2026-08-24
INV12458,CUST0102,Cloud Hosting,"£1,550.43",2026-09-01,2026-09-24
INV12459,CUST0102,Managed IT Support,"£2,294.21",2026-09-01,2026-09-20
INV12460,CUST0102,Data Centre Colocation,"£1,277.37",2026-09-01,2026-09-09
INV12461,CUST0103,Managed IT Support,"£2,162.82",2025-10-01,2025-10-09
INV12462,CUST0103,Hosted VoIP,£401.82,2025-10-01,2025-10-18
INV12463,CUST0103,Leased Line,£998.40,2025-10-01,2025-10-13
INV12464,CUST0103,Managed IT Support,"£1,559.53",2025-11-01,2025-11-08
INV12465,CUST0103,Hosted VoIP,£414.98,2025-11-01,2025-11-25
INV12466,CUST0103,Leased Line,"£1,023.38",2025-11-01,2025-11-24
INV12467,CUST0103,Managed IT Support,"£1,768.73",2025-12-01,2025-12-14
INV12468,CUST0103,Hosted VoIP,£320.92,2025-12-01,2025-12-08
INV12469,CUST0103,Leased Line,£915.33,2025-12-01,2025-12-20
INV12470,CUST0103,Managed IT Support,"£2,160.36",2026-01-01,2026-01-08
INV12471,CUST0103,Hosted VoIP,£882.60,2026-01-01,2026-01-18
INV12472,CUST0103,Leased Line,£554.17,2026-01-01,2026-01-16
INV12473,CUST0103,Managed IT Support,"£1,968.25",2026-02-01,2026-02-22
INV12474,CUST0103,Hosted VoIP,£859.25,2026-02-01,2026-02-27
INV12475,CUST0103,Leased Line,£729.12,2026-02-01,2026-02-10
INV12476,CUST0103,Managed IT Support,"£2,261.51",2026-03-01,2026-03-19
INV12477,CUST0103,Hosted VoIP,£446.13,2026-03-01,2026-03-17
INV12478,CUST0103,Leased Line,£362.80,2026-03-01,2026-03-17
INV12479,CUST0103,Managed IT Support,"£1,313.52",2026-04-01,2026-04-20
INV12480,CUST0103,Hosted VoIP,£809.50,2026-04-01,2026-04-08
INV12481,CUST0103,Leased Line,£576.48,2026-04-01,2026-04-20
INV12482,CUST0103,Managed IT Support,"£2,327.97",2026-05-01,2026-05-19
INV12483,CUST0103,Hosted VoIP,£758.65,2026-05-01,2026-05-15
INV12484,CUST0103,Leased Line,£521.98,2026-05-01,2026-05-29
INV12485,CUST0103,Managed IT Support,"£2,922.94",2026-06-01,2026-06-19
INV12486,CUST0103,Hosted VoIP,£704.60,2026-06-01,2026-06-19
INV12487,CUST0103,Leased Line,£496.55,2026-06-01,2026-06-24
INV12488,CUST0103,Managed IT Support,"£1,954.63",2026-07-01,2026-07-10
INV12489,CUST0103,Hosted VoIP,£329.60,2026-07-01,2026-07-21
INV12490,CUST0103,Leased Line,"£1,387.80",2026-07-01,2026-07-22
INV12491,CUST0103,Managed IT Support,"£2,965.26",2026-08-01,2026-08-08
INV12492,CUST0103,Hosted VoIP,£851.87,2026-08-01,2026-08-24
INV12493,CUST0103,Leased Line,"£1,143.92",2026-08-01,2026-08-08
INV12494,CUST0103,Managed IT Support,£417.21,2026-09-01,2026-09-26
INV12495,CUST0103,Hosted VoIP,£838.38,2026-09-01,2026-09-19
INV12496,CUST0103,Leased Line,£533.64,2026-09-01,2026-09-20
INV12497,CUST0104,Microsoft 365 Licences,£222.06,2025-10-01,2025-10-18
INV12498,CUST0104,Leased Line,£653.94,2025-10-01,2025-10-21
INV12499,CUST0104,Data Centre Colocation,£684.47,2025-10-01,2025-10-15
INV12500,CUST0104,Microsoft 365 Licences,£682.56,2025-11-01,2025-11-15
INV12501,CUST0104,Leased Line,£868.81,2025-11-01,2025-11-29
INV12502,CUST0104,Data Centre Colocation,"£1,526.90",2025-11-01,2025-11-06
INV12503,CUST0104,Microsoft 365 Licences,£651.77,2025-12-01,2025-12-10
INV12504,CUST0104,Leased Line,£625.81,2025-12-01,2025-12-26
INV12505,CUST0104,Data Centre Colocation,"£2,268.49",2025-12-01,2025-12-21
INV12506,CUST0104,Microsoft 365 Licences,£178.17,2026-01-01,2026-01-27
INV12507,CUST0104,Leased Line,"£1,287.32",2026-01-01,2026-01-19
INV12508,CUST0104,Data Centre Colocation,£958.74,2026-01-01,2026-01-28
INV12509,CUST0104,Microsoft 365 Licences,£547.80,2026-02-01,2026-02-06
INV12510,CUST0104,Leased Line,£475.32,2026-02-01,2026-02-14
INV12511,CUST0104,Data Centre Colocation,"£1,586.10",2026-02-01,2026-02-08
INV12512,CUST0104,Microsoft 365 Licences,£515.21,2026-03-01,2026-03-17
INV12513,CUST0104,Leased Line,£960.12,2026-03-01,2026-03-24
INV12514,CUST0104,Data Centre Colocation,"£1,472.14",2026-03-01,2026-03-14
INV12515,CUST0104,Microsoft 365 Licences,£535.88,2026-04-01,2026-04-21
INV12516,CUST0104,Leased Line,"£1,372.97",2026-04-01,2026-04-09
INV12517,CUST0104,Data Centre Colocation,"£1,346.40",2026-04-01,2026-04-29
INV12518,CUST0104,Microsoft 365 Licences,£498.44,2026-05-01,2026-05-14
INV12519,CUST0104,Leased Line,£520.99,2026-05-01,2026-05-07
INV12520,CUST0104,Data Centre Colocation,£892.27,2026-05-01,2026-05-20
INV12521,CUST0104,Microsoft 365 Licences,£713.61,2026-06-01,2026-06-10
INV12522,CUST0104,Leased Line,£725.25,2026-06-01,2026-06-07
INV12523,CUST0104,Data Centre Colocation,"£1,145.34",2026-06-01,2026-06-19
INV12524,CUST0104,Microsoft 365 Licences,£541.74,2026-07-01,2026-07-17
INV12525,CUST0104,Leased Line,£401.15,2026-07-01,2026-07-15
INV12526,CUST0104,Data Centre Colocation,"£1,659.22",2026-07-01,2026-07-08
INV12527,CUST0104,Microsoft 365 Licences,£454.85,2026-08-01,2026-08-26
INV12528,CUST0104,Leased Line,£542.41,2026-08-01,2026-08-09
INV12529,CUST0104,Data Centre Colocation,"£1,797.52",2026-08-01,2026-08-11
INV12530,CUST0104,Microsoft 365 Licences,£476.04,2026-09-01,2026-09-16
INV12531,CUST0104,Leased Line,"£1,218.16",2026-09-01,2026-09-27
INV12532,CUST0104,Data Centre Colocation,"£2,199.75",2026-09-01,2026-09-14
INV12533,CUST0105,Data Centre Colocation,"£1,668.84",2025-10-01,2025-10-17
INV12534,CUST0105,Cloud Hosting,"£1,855.46",2025-10-01,2025-10-06
INV12535,CUST0105,Hosted VoIP,£278.60,2025-10-01,2025-10-15
INV12536,CUST0105,Data Centre Colocation,"£1,346.03",2025-11-01,2025-11-21
INV12537,CUST0105,Cloud Hosting,"£1,053.39",2025-11-01,2025-11-11
INV12538,CUST0105,Hosted VoIP,£253.74,2025-11-01,2025-11-10
INV12539,CUST0105,Data Centre Colocation,"£1,606.77",2025-12-01,2025-12-12
INV12540,CUST0105,Cloud Hosting,"£1,800.46",2025-12-01,2025-12-23
INV12541,CUST0105,Hosted VoIP,£621.67,2025-12-01,2025-12-22
INV12542,CUST0105,Data Centre Colocation,"£2,292.14",2026-01-01,2026-01-28
INV12543,CUST0105,Cloud Hosting,"£1,324.67",2026-01-01,2026-01-09
INV12544,CUST0105,Hosted VoIP,£480.49,2026-01-01,2026-01-08
INV12545,CUST0105,Data Centre Colocation,£833.13,2026-02-01,2026-02-10
INV12546,CUST0105,Cloud Hosting,"£2,050.65",2026-02-01,2026-02-21
INV12547,CUST0105,Hosted VoIP,£430.71,2026-02-01,2026-02-28
INV12548,CUST0105,Data Centre Colocation,"£1,325.14",2026-03-01,2026-03-20
INV12549,CUST0105,Cloud Hosting,"£1,984.97",2026-03-01,2026-03-25
INV12550,CUST0105,Hosted VoIP,£556.65,2026-03-01,2026-03-16
INV12551,CUST0105,Data Centre Colocation,£944.41,2026-04-01,2026-04-15
INV12552,CUST0105,Cloud Hosting,£306.08,2026-04-01,2026-04-09
INV12553,CUST0105,Hosted VoIP,£340.10,2026-04-01,2026-04-28
INV12554,CUST0105,Data Centre Colocation,£884.72,2026-05-01,2026-05-13
INV12555,CUST0105,Cloud Hosting,£849.49,2026-05-01,2026-05-12
INV12556,CUST0105,Hosted VoIP,£273.76,2026-05-01,2026-05-08
INV12557,CUST0105,Data Centre Colocation,"£1,449.61",2026-06-01,2026-06-09
INV12558,CUST0105,Cloud Hosting,£401.58,2026-06-01,2026-06-21
INV12559,CUST0105,Hosted VoIP,£725.28,2026-06-01,2026-06-07
INV12560,CUST0105,Data Centre Colocation,£992.70,2026-07-01,2026-07-07
INV12561,CUST0105,Cloud Hosting,"£1,796.46",2026-07-01,2026-07-22
INV12562,CUST0105,Hosted VoIP,£607.09,2026-07-01,2026-07-21
INV12563,CUST0105,Data Centre Colocation,£837.84,2026-08-01,2026-08-14
INV12564,CUST0105,Cloud Hosting,£334.40,2026-08-01,2026-08-15
INV12565,CUST0105,Hosted VoIP,£660.66,2026-08-01,2026-08-09
INV12566,CUST0105,Data Centre Colocation,"£2,164.74",2026-09-01,2026-09-25
INV12567,CUST0105,Cloud Hosting,£650.53,2026-09-01,2026-09-12
INV12568,CUST0105,Hosted VoIP,£313.04,2026-09-01,2026-09-17
INV12569,CUST0106,Hosted VoIP,£284.80,2025-10-01,2025-10-29
INV12570,CUST0106,Hosted VoIP,£858.13,2025-11-01,2025-11-24
INV12571,CUST0106,Hosted VoIP,£430.44,2025-12-01,2025-12-11
INV12572,CUST0106,Hosted VoIP,£795.70,2026-01-01,2026-01-29
INV12573,CUST0106,Hosted VoIP,£621.33,2026-02-01,2026-02-22
INV12574,CUST0106,Hosted VoIP,£590.57,2026-03-01,2026-03-09
INV12575,CUST0106,Hosted VoIP,£770.10,2026-04-01,2026-04-06
INV12576,CUST0106,Hosted VoIP,£560.76,2026-05-01,2026-05-28
INV12577,CUST0106,Hosted VoIP,£317.91,2026-06-01,2026-06-15
INV12578,CUST0106,Hosted VoIP,£303.68,2026-07-01,2026-07-23
INV12579,CUST0106,Hosted VoIP,£183.12,2026-08-01,2026-08-29
INV12580,CUST0106,Hosted VoIP,£251.05,2026-09-01,2026-09-12
INV12581,CUST0107,Data Centre Colocation,"£1,996.27",2025-10-01,2025-10-11
INV12582,CUST0107,Managed IT Support,"£1,543.13",2025-10-01,2025-10-09
INV12583,CUST0107,Cloud Hosting,£602.65,2025-10-01,2025-10-17
INV12584,CUST0107,Data Centre Colocation,"£2,562.60",2025-11-01,2025-11-19
INV12585,CUST0107,Managed IT Support,£957.11,2025-11-01,2025-11-13
INV12586,CUST0107,Cloud Hosting,"£1,044.78",2025-11-01,2025-11-16
INV12587,CUST0107,Data Centre Colocation,£847.23,2025-12-01,2025-12-09
INV12588,CUST0107,Managed IT Support,"£1,751.29",2025-12-01,2025-12-21
INV12589,CUST0107,Cloud Hosting,"£1,736.43",2025-12-01,2025-12-28
INV12590,CUST0107,Data Centre Colocation,"£1,176.54",2026-01-01,2026-01-29
INV12591,CUST0107,Managed IT Support,£505.58,2026-01-01,2026-01-16
INV12592,CUST0107,Cloud Hosting,"£1,212.74",2026-01-01,2026-01-18
INV12593,CUST0107,Data Centre Colocation,"£1,167.22",2026-02-01,2026-02-25
INV12594,CUST0107,Managed IT Support,"£2,314.05",2026-02-01,2026-02-27
INV12595,CUST0107,Cloud Hosting,"£2,153.55",2026-02-01,2026-02-20
INV12596,CUST0107,Data Centre Colocation,"£1,051.75",2026-03-01,2026-03-19
INV12597,CUST0107,Managed IT Support,"£1,155.53",2026-03-01,2026-03-19
INV12598,CUST0107,Cloud Hosting,£618.13,2026-03-01,2026-03-08
INV12599,CUST0107,Data Centre Colocation,"£2,389.51",2026-04-01,2026-04-21
INV12600,CUST0107,Managed IT Support,"£2,841.61",2026-04-01,2026-04-17
INV12601,CUST0107,Cloud Hosting,£599.63,2026-04-01,2026-04-27
INV12602,CUST0107,Data Centre Colocation,"£1,583.30",2026-05-01,2026-05-09
INV12603,CUST0107,Managed IT Support,"£1,430.56",2026-05-01,2026-05-22
INV12604,CUST0107,Cloud Hosting,"£1,534.17",2026-05-01,2026-05-08
INV12605,CUST0107,Data Centre Colocation,£838.44,2026-06-01,2026-06-18
INV12606,CUST0107,Managed IT Support,"£1,441.62",2026-06-01,2026-06-24
INV12607,CUST0107,Cloud Hosting,"£2,156.26",2026-06-01,2026-06-29
INV12608,CUST0107,Data Centre Colocation,"£2,450.58",2026-07-01,2026-07-11
INV12609,CUST0107,Managed IT Support,£568.25,2026-07-01,2026-07-12
INV12610,CUST0107,Cloud Hosting,£910.33,2026-07-01,2026-07-25
INV12611,CUST0107,Data Centre Colocation,"£2,288.06",2026-08-01,2026-08-18
INV12612,CUST0107,Managed IT Support,£719.18,2026-08-01,2026-08-19
INV12613,CUST0107,Cloud Hosting,"£1,664.14",2026-08-01,2026-08-14
INV12614,CUST0107,Data Centre Colocation,"£2,129.63",2026-09-01,2026-09-24
INV12615,CUST0107,Managed IT Support,"£1,943.49",2026-09-01,2026-09-26
INV12616,CUST0107,Cloud Hosting,"£2,089.29",2026-09-01,2026-09-17
INV12617,CUST0108,Data Centre Colocation,"£2,500.28",2025-10-01,2025-10-21
INV12618,CUST0108,Microsoft 365 Licences,£453.10,2025-10-01,2025-10-10
INV12619,CUST0108,Data Centre Colocation,"£2,136.00",2025-11-01,2025-11-09
INV12620,CUST0108,Microsoft 365 Licences,£176.75,2025-11-01,2025-11-21
INV12621,CUST0108,Data Centre Colocation,"£1,594.55",2025-12-01,2025-12-26
INV12622,CUST0108,Microsoft 365 Licences,£759.11,2025-12-01,2025-12-06
INV12623,CUST0108,Data Centre Colocation,£799.21,2026-01-01,2026-01-07
INV12624,CUST0108,Microsoft 365 Licences,£679.52,2026-01-01,2026-01-21
INV12625,CUST0108,Data Centre Colocation,"£1,956.21",2026-02-01,2026-02-11
INV12626,CUST0108,Microsoft 365 Licences,£361.67,2026-02-01,2026-02-27
INV12627,CUST0108,Data Centre Colocation,"£1,253.91",2026-03-01,2026-03-15
INV12628,CUST0108,Microsoft 365 Licences,£531.60,2026-03-01,2026-03-09
INV12629,CUST0108,Data Centre Colocation,"£2,120.34",2026-04-01,2026-04-27
INV12630,CUST0108,Microsoft 365 Licences,£623.64,2026-04-01,2026-04-21
INV12631,CUST0108,Data Centre Colocation,"£2,185.46",2026-05-01,2026-05-12
INV12632,CUST0108,Microsoft 365 Licences,£298.43,2026-05-01,2026-05-21
INV12633,CUST0108,Data Centre Colocation,"£1,580.50",2026-06-01,2026-06-14
INV12634,CUST0108,Microsoft 365 Licences,£475.13,2026-06-01,2026-06-23
INV12635,CUST0108,Data Centre Colocation,"£1,693.24",2026-07-01,2026-07-07
INV12636,CUST0108,Microsoft 365 Licences,£793.41,2026-07-01,2026-07-09
INV12637,CUST0108,Data Centre Colocation,"£1,367.26",2026-08-01,2026-08-16
INV12638,CUST0108,Microsoft 365 Licences,£695.54,2026-08-01,2026-08-20
INV12639,CUST0108,Data Centre Colocation,"£1,519.31",2026-09-01,2026-09-07
INV12640,CUST0108,Microsoft 365 Licences,£215.58,2026-09-01,2026-09-27
INV12641,CUST0109,Data Centre Colocation,"£1,582.96",2025-10-01,2025-10-10
INV12642,CUST0109,Leased Line,£678.08,2025-10-01,2025-10-18
INV12643,CUST0109,Data Centre Colocation,"£1,574.91",2025-11-01,2025-11-09
INV12644,CUST0109,Leased Line,£947.30,2025-11-01,2025-11-21
INV12645,CUST0109,Data Centre Colocation,"£1,920.16",2025-12-01,2025-12-27
INV12646,CUST0109,Leased Line,£916.36,2025-12-01,2025-12-21
INV12647,CUST0109,Data Centre Colocation,"£1,551.82",2026-01-01,2026-01-11
INV12648,CUST0109,Leased Line,£882.02,2026-01-01,2026-01-18
INV12649,CUST0109,Data Centre Colocation,"£1,126.78",2026-02-01,2026-02-24
INV12650,CUST0109,Leased Line,"£1,369.41",2026-02-01,2026-02-25
INV12651,CUST0109,Data Centre Colocation,"£1,952.98",2026-03-01,2026-03-15
INV12652,CUST0109,Leased Line,£686.51,2026-03-01,2026-03-06
INV12653,CUST0109,Data Centre Colocation,"£1,780.93",2026-04-01,2026-04-10
INV12654,CUST0109,Leased Line,"£1,228.78",2026-04-01,2026-04-17
INV12655,CUST0109,Data Centre Colocation,"£2,219.11",2026-05-01,2026-05-24
INV12656,CUST0109,Leased Line,£378.24,2026-05-01,2026-05-26
INV12657,CUST0109,Data Centre Colocation,"£1,282.51",2026-06-01,2026-06-09
INV12658,CUST0109,Leased Line,£799.56,2026-06-01,2026-06-17
INV12659,CUST0109,Data Centre Colocation,"£1,423.86",2026-07-01,2026-07-07
INV12660,CUST0109,Leased Line,"£1,044.30",2026-07-01,2026-07-13
INV12661,CUST0109,Data Centre Colocation,"£1,069.24",2026-08-01,2026-08-15
INV12662,CUST0109,Leased Line,£972.16,2026-08-01,2026-08-28
INV12663,CUST0109,Data Centre Colocation,£731.00,2026-09-01,2026-09-15
INV12664,CUST0109,Leased Line,£470.19,2026-09-01,2026-09-11
INV12665,CUST0110,Microsoft 365 Licences,£321.54,2025-10-01,2025-12-30
INV12666,CUST0110,Microsoft 365 Licences,£389.96,2025-11-01,2025-11-19
INV12667,CUST0110,Microsoft 365 Licences,£279.30,2025-12-01,2025-12-24
INV12668,CUST0110,Microsoft 365 Licences,£105.79,2026-01-01,2026-03-13
INV12669,CUST0110,Microsoft 365 Licences,£367.11,2026-02-01,2026-02-21
INV12670,CUST0110,Microsoft 365 Licences,£161.04,2026-03-01,2026-03-16
INV12671,CUST0110,Microsoft 365 Licences,£442.68,2026-04-01,2026-04-27
INV12672,CUST0110,Microsoft 365 Licences,£331.07,2026-05-01,2026-05-17
INV12673,CUST0110,Microsoft 365 Licences,£778.29,2026-06-01,2026-08-15
INV12674,CUST0110,Microsoft 365 Licences,£691.61,2026-07-01,2026-07-23
INV12675,CUST0110,Microsoft 365 Licences,£242.00,2026-08-01,
INV12676,CUST0110,Microsoft 365 Licences,£301.10,2026-09-01,2026-09-13
INV12677,CUST0111,Data Centre Colocation,"£1,783.73",2025-10-01,2025-10-14
INV12678,CUST0111,Hosted VoIP,£228.43,2025-10-01,2025-10-22
INV12679,CUST0111,Microsoft 365 Licences,£427.44,2025-10-01,2025-10-12
INV12680,CUST0111,Data Centre Colocation,"£1,294.63",2025-11-01,2025-11-08
INV12681,CUST0111,Hosted VoIP,£649.11,2025-11-01,2025-11-15
INV12682,CUST0111,Microsoft 365 Licences,£448.29,2025-11-01,2025-11-15
INV12683,CUST0111,Data Centre Colocation,"£1,465.82",2025-12-01,2025-12-23
INV12684,CUST0111,Hosted VoIP,£405.61,2025-12-01,2025-12-19
INV12685,CUST0111,Microsoft 365 Licences,£375.63,2025-12-01,2025-12-25
INV12686,CUST0111,Data Centre Colocation,"£1,630.74",2026-01-01,2026-01-27
INV12687,CUST0111,Hosted VoIP,£729.68,2026-01-01,2026-01-11
INV12688,CUST0111,Microsoft 365 Licences,£715.44,2026-01-01,2026-01-26
INV12689,CUST0111,Data Centre Colocation,"£2,006.66",2026-02-01,2026-02-11
INV12690,CUST0111,Hosted VoIP,£595.33,2026-02-01,2026-02-12
INV12691,CUST0111,Microsoft 365 Licences,£559.17,2026-02-01,2026-03-01
INV12692,CUST0111,Data Centre Colocation,"£2,476.21",2026-03-01,2026-03-14
INV12693,CUST0111,Hosted VoIP,£854.76,2026-03-01,2026-03-23
INV12694,CUST0111,Microsoft 365 Licences,£664.34,2026-03-01,2026-03-19
INV12695,CUST0111,Data Centre Colocation,"£2,469.27",2026-04-01,2026-04-29
INV12696,CUST0111,Hosted VoIP,£631.27,2026-04-01,2026-04-22
INV12697,CUST0111,Microsoft 365 Licences,£232.46,2026-04-01,2026-04-20
INV12698,CUST0111,Data Centre Colocation,£895.49,2026-05-01,2026-05-10
INV12699,CUST0111,Hosted VoIP,£717.43,2026-05-01,2026-05-15
INV12700,CUST0111,Microsoft 365 Licences,£689.33,2026-05-01,2026-05-19
INV12701,CUST0111,Data Centre Colocation,"£1,237.31",2026-06-01,2026-06-08
INV12702,CUST0111,Hosted VoIP,£636.43,2026-06-01,2026-06-19
INV12703,CUST0111,Microsoft 365 Licences,£279.52,2026-06-01,2026-06-15
INV12704,CUST0111,Data Centre Colocation,"£1,892.09",2026-07-01,2026-07-14
INV12705,CUST0111,Hosted VoIP,£674.54,2026-07-01,2026-07-13
INV12706,CUST0111,Microsoft 365 Licences,£378.16,2026-07-01,2026-07-09
INV12707,CUST0111,Data Centre Colocation,£899.92,2026-08-01,2026-08-06
INV12708,CUST0111,Hosted VoIP,£356.82,2026-08-01,2026-08-15
INV12709,CUST0111,Microsoft 365 Licences,£419.55,2026-08-01,2026-08-23
INV12710,CUST0111,Data Centre Colocation,"£2,582.59",2026-09-01,2026-09-19
INV12711,CUST0111,Hosted VoIP,£645.78,2026-09-01,2026-09-07
INV12712,CUST0111,Microsoft 365 Licences,£233.41,2026-09-01,2026-09-14
INV12713,CUST0112,Hosted VoIP,£366.05,2025-10-01,2025-10-14
INV12714,CUST0112,Hosted VoIP,£654.24,2025-11-01,2025-11-11
INV12715,CUST0112,Hosted VoIP,£643.89,2025-12-01,2025-12-07
INV12716,CUST0112,Hosted VoIP,£873.93,2026-01-01,2026-01-21
INV12717,CUST0112,Hosted VoIP,£743.21,2026-02-01,2026-02-07
INV12718,CUST0112,Hosted VoIP,£798.90,2026-03-01,2026-03-08
INV12719,CUST0112,Hosted VoIP,£406.01,2026-04-01,2026-04-15
INV12720,CUST0112,Hosted VoIP,£804.36,2026-05-01,2026-05-19
INV12721,CUST0112,Hosted VoIP,£825.68,2026-06-01,2026-06-27
INV12722,CUST0112,Hosted VoIP,£653.35,2026-07-01,2026-07-08
INV12723,CUST0112,Hosted VoIP,£465.76,2026-08-01,2026-08-29
INV12724,CUST0112,Hosted VoIP,£786.78,2026-09-01,2026-09-13
INV12725,CUST0113,Microsoft 365 Licences,£611.48,2025-10-01,2025-10-09
INV12726,CUST0113,Microsoft 365 Licences,£460.59,2025-11-01,2025-11-24
INV12727,CUST0113,Microsoft 365 Licences,£764.27,2025-12-01,2025-12-22
INV12728,CUST0113,Microsoft 365 Licences,£268.78,2026-01-01,2026-01-08
INV12729,CUST0113,Microsoft 365 Licences,£259.03,2026-02-01,2026-02-09
INV12730,CUST0113,Microsoft 365 Licences,£638.97,2026-03-01,2026-03-16
INV12731,CUST0113,Microsoft 365 Licences,£323.79,2026-04-01,2026-04-24
INV12732,CUST0113,Microsoft 365 Licences,£613.44,2026-05-01,2026-05-29
INV12733,CUST0113,Microsoft 365 Licences,£618.21,2026-06-01,2026-06-19
INV12734,CUST0113,Microsoft 365 Licences,£244.79,2026-07-01,2026-07-09
INV12735,CUST0113,Microsoft 365 Licences,£214.36,2026-08-01,2026-08-14
INV12736,CUST0113,Microsoft 365 Licences,£402.03,2026-09-01,2026-09-14
INV12737,CUST0114,Hosted VoIP,£683.72,2025-10-01,2025-10-09
INV12738,CUST0114,Managed IT Support,"£1,222.87",2025-10-01,2025-10-19
INV12739,CUST0114,Cloud Hosting,"£1,175.97",2025-10-01,2025-10-13
INV12740,CUST0114,Hosted VoIP,£873.59,2025-11-01,2025-11-10
INV12741,CUST0114,Managed IT Support,"£1,343.79",2025-11-01,2025-11-28
INV12742,CUST0114,Cloud Hosting,£967.09,2025-11-01,2025-11-15
INV12743,CUST0114,Hosted VoIP,£195.17,2025-12-01,2025-12-25
INV12744,CUST0114,Managed IT Support,£490.50,2025-12-01,2025-12-29
INV12745,CUST0114,Cloud Hosting,"£1,541.34",2025-12-01,2025-12-07
INV12746,CUST0114,Hosted VoIP,£677.29,2026-01-01,2026-01-27
INV12747,CUST0114,Managed IT Support,"£1,023.16",2026-01-01,2026-01-23
INV12748,CUST0114,Cloud Hosting,"£1,000.15",2026-01-01,2026-01-26
INV12749,CUST0114,Hosted VoIP,£870.11,2026-02-01,2026-02-17
INV12750,CUST0114,Managed IT Support,"£2,748.21",2026-02-01,2026-02-27
INV12751,CUST0114,Cloud Hosting,£488.00,2026-02-01,2026-02-13
INV12752,CUST0114,Hosted VoIP,£797.51,2026-03-01,2026-03-18
INV12753,CUST0114,Managed IT Support,£420.45,2026-03-01,2026-03-18
INV12754,CUST0114,Cloud Hosting,"£2,058.64",2026-03-01,2026-03-14
INV12755,CUST0114,Hosted VoIP,£396.64,2026-04-01,2026-04-13
INV12756,CUST0114,Managed IT Support,"£1,173.30",2026-04-01,2026-04-11
INV12757,CUST0114,Cloud Hosting,"£2,035.99",2026-04-01,2026-04-26
INV12758,CUST0114,Hosted VoIP,£408.37,2026-05-01,2026-05-26
INV12759,CUST0114,Managed IT Support,"£1,456.35",2026-05-01,2026-05-07
INV12760,CUST0114,Cloud Hosting,£784.37,2026-05-01,2026-05-08
INV12761,CUST0114,Hosted VoIP,£772.70,2026-06-01,2026-06-21
INV12762,CUST0114,Managed IT Support,"£1,624.84",2026-06-01,2026-06-19
INV12763,CUST0114,Cloud Hosting,"£2,056.67",2026-06-01,2026-06-16
INV12764,CUST0114,Hosted VoIP,£696.52,2026-07-01,2026-07-09
INV12765,CUST0114,Managed IT Support,"£2,543.44",2026-07-01,2026-07-28
INV12766,CUST0114,Cloud Hosting,£758.89,2026-07-01,2026-07-08
INV12767,CUST0114,Hosted VoIP,£433.34,2026-08-01,2026-08-25
INV12768,CUST0114,Managed IT Support,"£2,296.00",2026-08-01,2026-08-23
INV12769,CUST0114,Cloud Hosting,"£1,688.68",2026-08-01,2026-08-20
INV12770,CUST0114,Hosted VoIP,£680.55,2026-09-01,2026-09-07
INV12771,CUST0114,Managed IT Support,"£2,067.57",2026-09-01,2026-09-11
INV12772,CUST0114,Cloud Hosting,"£1,478.80",2026-09-01,2026-09-26
INV12773,CUST0115,Hosted VoIP,£468.48,2025-10-01,2025-10-16
INV12774,CUST0115,Hosted VoIP,£594.58,2025-11-01,2025-12-21
INV12775,CUST0115,Hosted VoIP,£551.78,2025-12-01,2025-12-26
INV12776,CUST0115,Hosted VoIP,£729.48,2026-01-01,2026-01-27
INV12777,CUST0115,Hosted VoIP,£475.43,2026-02-01,2026-02-20
INV12778,CUST0115,Hosted VoIP,£524.42,2026-03-01,2026-03-14
INV12779,CUST0115,Hosted VoIP,£304.90,2026-04-01,2026-04-16
INV12780,CUST0115,Hosted VoIP,£755.66,2026-05-01,2026-07-01
INV12781,CUST0115,Hosted VoIP,£444.67,2026-06-01,2026-07-30
INV12782,CUST0115,Hosted VoIP,£860.23,2026-07-01,2026-07-13
INV12783,CUST0115,Hosted VoIP,£194.93,2026-08-01,
INV12784,CUST0115,Hosted VoIP,£582.14,2026-09-01,2026-09-13
INV12785,CUST0116,Managed IT Support,£915.49,2025-10-01,2025-10-11
INV12786,CUST0116,Managed IT Support,£529.44,2025-11-01,2025-11-25
INV12787,CUST0116,Managed IT Support,"£1,076.41",2025-12-01,2026-01-28
INV12788,CUST0116,Managed IT Support,£842.32,2026-01-01,2026-01-06
INV12789,CUST0116,Managed IT Support,"£2,268.32",2026-02-01,2026-04-06
INV12790,CUST0116,Managed IT Support,"£2,550.87",2026-03-01,2026-04-19
INV12791,CUST0116,Managed IT Support,"£2,255.27",2026-04-01,2026-06-30
INV12792,CUST0116,Managed IT Support,"£2,514.87",2026-05-01,2026-07-22
INV12793,CUST0116,Managed IT Support,"£1,684.84",2026-06-01,2026-08-29
INV12794,CUST0116,Managed IT Support,£937.18,2026-07-01,2026-09-26
INV12795,CUST0116,Managed IT Support,"£1,135.71",2026-08-01,2026-08-19
INV12796,CUST0116,Managed IT Support,£868.96,2026-09-01,2026-09-06
INV12797,CUST0117,Cloud Hosting,"£1,454.48",2025-10-01,2025-10-13
INV12798,CUST0117,Leased Line,£738.12,2025-10-01,2025-10-27
INV12799,CUST0117,Cloud Hosting,"£1,512.11",2025-11-01,2025-11-08
INV12800,CUST0117,Leased Line,£360.84,2025-11-01,2025-11-10
INV12801,CUST0117,Cloud Hosting,"£1,949.31",2025-12-01,2025-12-28
INV12802,CUST0117,Leased Line,£767.43,2025-12-01,2025-12-12
INV12803,CUST0117,Cloud Hosting,"£1,641.01",2026-01-01,2026-01-28
INV12804,CUST0117,Leased Line,£794.46,2026-01-01,2026-01-25
INV12805,CUST0117,Cloud Hosting,£749.64,2026-02-01,2026-02-09
INV12806,CUST0117,Leased Line,£934.85,2026-02-01,2026-02-07
INV12807,CUST0117,Cloud Hosting,£899.08,2026-03-01,2026-03-13
INV12808,CUST0117,Leased Line,£844.48,2026-03-01,2026-03-17
INV12809,CUST0117,Cloud Hosting,"£2,193.64",2026-04-01,2026-04-27
INV12810,CUST0117,Leased Line,"£1,365.57",2026-04-01,2026-04-25
INV12811,CUST0117,Cloud Hosting,"£1,633.65",2026-05-01,2026-05-07
INV12812,CUST0117,Leased Line,£355.63,2026-05-01,2026-05-22
INV12813,CUST0117,Cloud Hosting,"£1,458.33",2026-06-01,2026-06-15
INV12814,CUST0117,Leased Line,"£1,376.40",2026-06-01,2026-06-27
INV12815,CUST0117,Cloud Hosting,£973.26,2026-07-01,2026-07-23
INV12816,CUST0117,Leased Line,£393.18,2026-07-01,2026-07-11
INV12817,CUST0117,Cloud Hosting,£757.57,2026-08-01,2026-08-22
INV12818,CUST0117,Leased Line,£867.48,2026-08-01,2026-08-16
INV12819,CUST0117,Cloud Hosting,"£1,961.90",2026-09-01,2026-09-10
INV12820,CUST0117,Leased Line,£444.13,2026-09-01,2026-09-28
INV12821,CUST0118,Managed IT Support,£703.79,2025-10-01,2025-11-13
INV12822,CUST0118,Leased Line,£874.17,2025-10-01,2025-10-14
INV12823,CUST0118,Cloud Hosting,"£1,708.26",2025-10-01,2025-10-15
INV12824,CUST0118,Managed IT Support,"£2,747.26",2025-11-01,2026-01-28
INV12825,CUST0118,Leased Line,"£1,149.64",2025-11-01,2025-12-26
INV12826,CUST0118,Cloud Hosting,"£1,099.76",2025-11-01,2026-01-22
INV12827,CUST0118,Managed IT Support,"£2,985.87",2025-12-01,2025-12-10
INV12828,CUST0118,Leased Line,£933.46,2025-12-01,2025-12-26
INV12829,CUST0118,Cloud Hosting,"£1,806.53",2025-12-01,2026-01-14
INV12830,CUST0118,Managed IT Support,£541.87,2026-01-01,2026-03-07
INV12831,CUST0118,Leased Line,£623.24,2026-01-01,2026-01-19
INV12832,CUST0118,Cloud Hosting,£476.25,2026-01-01,2026-01-21
INV12833,CUST0118,Managed IT Support,£506.06,2026-02-01,2026-04-22
INV12834,CUST0118,Leased Line,£938.90,2026-02-01,2026-03-15
INV12835,CUST0118,Cloud Hosting,"£1,899.38",2026-02-01,2026-02-09
INV12836,CUST0118,Managed IT Support,"£1,308.97",2026-03-01,2026-04-23
INV12837,CUST0118,Leased Line,£539.69,2026-03-01,2026-05-07
INV12838,CUST0118,Cloud Hosting,"£1,854.01",2026-03-01,2026-03-27
INV12839,CUST0118,Managed IT Support,"£1,922.76",2026-04-01,2026-04-06
INV12840,CUST0118,Leased Line,£902.32,2026-04-01,2026-04-19
INV12841,CUST0118,Cloud Hosting,"£2,044.81",2026-04-01,2026-06-06
INV12842,CUST0118,Managed IT Support,"£2,159.96",2026-05-01,2026-05-06
INV12843,CUST0118,Leased Line,£648.50,2026-05-01,2026-05-09
INV12844,CUST0118,Cloud Hosting,"£1,018.63",2026-05-01,2026-05-09
INV12845,CUST0118,Managed IT Support,"£2,576.14",2026-06-01,2026-07-11
INV12846,CUST0118,Leased Line,£833.24,2026-06-01,2026-06-21
INV12847,CUST0118,Cloud Hosting,"£1,135.41",2026-06-01,2026-06-25
INV12848,CUST0118,Managed IT Support,"£2,110.82",2026-07-01,2026-08-07
INV12849,CUST0118,Leased Line,"£1,038.98",2026-07-01,2026-07-16
INV12850,CUST0118,Cloud Hosting,"£2,097.47",2026-07-01,2026-07-24
INV12851,CUST0118,Managed IT Support,£736.23,2026-08-01,2026-08-26
INV12852,CUST0118,Leased Line,£647.10,2026-08-01,2026-08-29
INV12853,CUST0118,Cloud Hosting,£387.91,2026-08-01,2026-08-18
INV12854,CUST0118,Managed IT Support,£640.63,2026-09-01,
INV12855,CUST0118,Leased Line,£602.08,2026-09-01,2026-09-18
INV12856,CUST0118,Cloud Hosting,£423.92,2026-09-01,2026-09-11
INV12857,CUST0119,Managed IT Support,"£2,082.64",2025-10-01,2025-10-26
INV12858,CUST0119,Cloud Hosting,£550.56,2025-10-01,2025-10-15
INV12859,CUST0119,Managed IT Support,"£1,676.20",2025-11-01,2025-11-19
INV12860,CUST0119,Cloud Hosting,"£1,684.98",2025-11-01,2025-11-15
INV12861,CUST0119,Managed IT Support,"£2,749.71",2025-12-01,2025-12-25
INV12862,CUST0119,Cloud Hosting,£506.01,2025-12-01,2025-12-27
INV12863,CUST0119,Managed IT Support,£649.89,2026-01-01,2026-01-17
INV12864,CUST0119,Cloud Hosting,"£1,249.67",2026-01-01,2026-01-21
INV12865,CUST0119,Managed IT Support,"£1,558.15",2026-02-01,2026-02-18
INV12866,CUST0119,Cloud Hosting,"£1,179.06",2026-02-01,2026-02-24
INV12867,CUST0119,Managed IT Support,"£1,960.89",2026-03-01,2026-03-08
INV12868,CUST0119,Cloud Hosting,"£1,725.16",2026-03-01,2026-03-17
INV12869,CUST0119,Managed IT Support,"£1,996.06",2026-04-01,2026-04-19
INV12870,CUST0119,Cloud Hosting,"£1,479.84",2026-04-01,2026-04-08
INV12871,CUST0119,Managed IT Support,£505.14,2026-05-01,2026-05-16
INV12872,CUST0119,Cloud Hosting,"£2,147.88",2026-05-01,2026-05-27
INV12873,CUST0119,Managed IT Support,£983.00,2026-06-01,2026-06-27
INV12874,CUST0119,Cloud Hosting,"£1,641.59",2026-06-01,2026-06-21
INV12875,CUST0119,Managed IT Support,"£1,770.92",2026-07-01,2026-07-26
INV12876,CUST0119,Cloud Hosting,"£1,273.12",2026-07-01,2026-07-15
INV12877,CUST0119,Managed IT Support,"£1,617.37",2026-08-01,2026-08-08
INV12878,CUST0119,Cloud Hosting,"£2,019.06",2026-08-01,2026-08-21
INV12879,CUST0119,Managed IT Support,"£1,181.02",2026-09-01,2026-09-10
INV12880,CUST0119,Cloud Hosting,"£1,584.41",2026-09-01,2026-09-15
INV12881,CUST0120,Microsoft 365 Licences,£393.69,2025-10-01,2025-10-24
INV12882,CUST0120,Microsoft 365 Licences,£123.89,2025-11-01,2025-11-08
INV12883,CUST0120,Microsoft 365 Licences,£741.28,2025-12-01,2025-12-22
INV12884,CUST0120,Microsoft 365 Licences,£166.42,2026-01-01,2026-01-19
INV12885,CUST0120,Microsoft 365 Licences,£383.24,2026-02-01,2026-02-20
INV12886,CUST0120,Microsoft 365 Licences,£559.21,2026-03-01,2026-03-24
INV12887,CUST0120,Microsoft 365 Licences,£667.11,2026-04-01,2026-04-17
INV12888,CUST0120,Microsoft 365 Licences,£270.95,2026-05-01,2026-05-08
INV12889,CUST0120,Microsoft 365 Licences,£635.74,2026-06-01,2026-06-06
INV12890,CUST0120,Microsoft 365 Licences,£170.89,2026-07-01,2026-07-27
INV12891,CUST0120,Microsoft 365 Licences,£418.64,2026-08-01,2026-08-11
INV12892,CUST0120,Microsoft 365 Licences,£688.47,2026-09-01,2026-09-07
INV99001,CUST0999,Data Centre Colocation,"£1,660.97",2025-10-01,2025-10-18
INV99002,CUST0001,Data Centre Colocation,"£1,2O4.00",2025-11-01,2025-11-16
